一,1
乙,1
乚,1
丁,2
丂,2
七,2
乂,2
乃,2
乜,2
九,2
了,2
二,2
人,2
儿,2
入,2
八,2
冂,2
几,2
凵,2
刀,2
刁,2
力,2
匕,2
匚,2
十,2
卜,2
卩,2
厂,2
厶,2
又,2
万,3
丈,3
三,3
上,3
下,3
丌,3
个,3
丫,3
丸,3
久,3
乇,3
么,3
义,3
乞,3
也,3
习,3
乡,3
亍,3
于,3
亏,3
亡,3
亼,3
亿,3
兀,3
凡,3
刃,3
勺,3
千,3
卪,3
卫,3
叉,3
口,3
囗,3
土,3
士,3
夊,3
夕,3
大,3
女,3
子,3
孑,3
孓,3
宀,3
寸,3
小,3
尢,3
尸,3
屮,3
山,3
巛,3
川,3
工,3
己,3
已,3
巳,3
巾,3
干,3
广,3
廾,3
弋,3
弓,3
彳,3
才,3
门,3
飞,3
马,3
夨,3
兀,3
㕚,4
㞢,4
不,4
与,4
丏,4
丐,4
丑,4
专,4
中,4
丮,4
丯,4
丰,4
丹,4
为,4
之,4
乌,4
书,4
予,4
云,4
互,4
亓,4
五,4
井,4
亢,4
什,4
仁,4
仂,4
仃,4
仄,4
仅,4
仆,4
仇,4
仈,4
仉,4
今,4
介,4
仍,4
从,4
仑,4
仓,4
允,4
元,4
內,4
公,4
六,4
兮,4
内,4
冇,4
冈,4
冗,4
冘,4
凤,4
凶,4
分,4
切,4
刈,4
劝,4
办,4
勻,4
勼,4
勾,4
勿,4
匀,4
化,4
匹,4
区,4
卅,4
升,4
午,4
卞,4
卬,4
厄,4
厅,4
历,4
厷,4
厹,4
及,4
友,4
反,4
圠,4
壬,4
夃,4
天,4
太,4
夫,4
夬,4
夭,4
孔,4
尐,4
少,4
尤,4
尹,4
尺,4
屯,4
巴,4
巿,4
帀,4
币,4
幻,4
廿,4
开,4
弔,4
引,4
心,4
忆,4
戈,4
戶,4
户,4
手,4
扎,4
支,4
攴,4
文,4
斗,4
斤,4
方,4
旡,4
日,4
曰,4
月,4
木,4
欠,4
止,4
歹,4
殳,4
毋,4
毌,4
比,4
毛,4
氏,4
气,4
水,4
火,4
爪,4
父,4
爻,4
爿,4
片,4
牙,4
牛,4
犬,4
王,4
见,4
计,4
订,4
讣,4
认,4
讥,4
贝,4
车,4
闩,4
韦,4
风,4
必,4
犮,4
㐱,5
㠯,5
且,5
丕,5
世,5
丘,5
丙,5
业,5
丛,5
东,5
丝,5
丱,5
主,5
丼,5
乍,5
乎,5
乏,5
乐,5
仔,5
仕,5
他,5
仗,5
付,5
仙,5
仚,5
仜,5
仝,5
仞,5
仟,5
仡,5
代,5
令,5
以,5
仨,5
仩,5
仪,5
们,5
兄,5
充,5
兰,5
冉,5
冊,5
册,5
写,5
冬,5
冯,5
凸,5
凹,5
出,5
击,5
刉,5
刊,5
刌,5
刍,5
功,5
加,5
务,5
劢,5
匄,5
包,5
匆,5
北,5
匜,5
匝,5
卉,5
半,5
卌,5
占,5
卡,5
卢,5
卮,5
卯,5
厈,5
厉,5
去,5
发,5
古,5
句,5
另,5
叨,5
叩,5
只,5
叫,5
召,5
叭,5
叮,5
可,5
台,5
叱,5
史,5
右,5
叵,5
司,5
叹,5
叻,5
叼,5
囚,5
四,5
圢,5
圣,5
处,5
外,5
夗,5
央,5
夯,5
失,5
头,5
奴,5
奶,5
孕,5
宁,5
它,5
宄,5
对,5
尒,5
尔,5
尻,5
尼,5
屳,5
屴,5
屵,5
左,5
巧,5
巨,5
市,5
布,5
帄,5
帅,5
平,5
幼,5
庀,5
庂,5
弁,5
弗,5
弘,5
归,5
忉,5
戉,5
戊,5
戋,5
扐,5
扑,5
扒,5
打,5
扔,5
斥,5
旦,5
旧,5
未,5
末,5
本,5
札,5
朮,5
术,5
正,5
歺,5
母,5
氐,5
民,5
氕,5
氶,5
永,5
氹,5
氻,5
氾,5
氿,5
汀,5
汁,5
汃,5
汇,5
汉,5
灭,5
犯,5
犰,5
玄,5
玉,5
玊,5
瓜,5
瓦,5
甘,5
生,5
用,5
甩,5
田,5
由,5
甲,5
申,5
电,5
疋,5
疒,5
癶,5
白,5
皮,5
皿,5
目,5
矛,5
矢,5
石,5
示,5
禸,5
禾,5
穴,5
立,5
纠,5
肊,5
讦,5
讧,5
讨,5
让,5
讪,5
讫,5
讬,5
训,5
议,5
讯,5
记,5
讱,5
轧,5
邓,5
长,5
闪,5
阞,5
队,5
饤,5
饥,5
驭,5
鸟,5
龙,5
尕,5
㓞,6
㕧,6
㫃,6
㲿,6
䇂,6
丞,6
丟,6
丢,6
乒,6
乓,6
乔,6
乩,6
买,6
争,6
亙,6
亚,6
交,6
亥,6
亦,6
产,6
仰,6
仱,6
仲,6
仳,6
仴,6
仵,6
件,6
价,6
任,6
份,6
仿,6
伀,6
企,6
伂,6
伄,6
伅,6
伈,6
伉,6
伊,6
伋,6
伍,6
伎,6
伏,6
伐,6
休,6
伒,6
伓,6
伔,6
伕,6
众,6
优,6
伙,6
会,6
伛,6
伝,6
伞,6
伟,6
传,6
伢,6
伣,6
伤,6
伥,6
伦,6
伧,6
伪,6
伫,6
伬,6
兆,6
兇,6
先,6
光,6
全,6
共,6
关,6
兴,6
再,6
军,6
农,6
冰,6
冱,6
凫,6
刎,6
刐,6
刑,6
划,6
刓,6
刖,6
列,6
刘,6
则,6
刚,6
创,6
劣,6
劦,6
动,6
匈,6
匟,6
匠,6
匡,6
匢,6
卍,6
华,6
协,6
印,6
危,6
厊,6
压,6
厌,6
厍,6
吁,6
吃,6
各,6
吆,6
吇,6
合,6
吉,6
吊,6
吋,6
同,6
名,6
后,6
吏,6
吐,6
向,6
吒,6
吓,6
吕,6
吗,6
囝,6
回,6
囟,6
因,6
囡,6
团,6
在,6
圩,6
圪,6
圬,6
圭,6
圮,6
圯,6
地,6
圳,6
圴,6
圹,6
场,6
壮,6
夙,6
多,6
夷,6
夸,6
夹,6
夺,6
夼,6
奷,6
奸,6
她,6
奻,6
奼,6
好,6
奾,6
奿,6
妀,6
妁,6
如,6
妃,6
妄,6
妅,6
妆,6
妇,6
妈,6
孖,6
字,6
存,6
孙,6
宅,6
宇,6
守,6
安,6
寺,6
寻,6
导,6
尖,6
尥,6
尧,6
屰,6
屹,6
屺,6
屻,6
屼,6
屾,6
屿,6
岁,6
岂,6
州,6
巟,6
帆,6
师,6
年,6
幵,6
庄,6
庆,6
异,6
式,6
弚,6
弛,6
当,6
彴,6
忏,6
忔,6
忕,6
忖,6
戌,6
戍,6
戎,6
戏,6
成,6
托,6
扙,6
扚,6
扛,6
扜,6
扞,6
扠,6
扡,6
扢,6
扣,6
扤,6
扥,6
扦,6
执,6
扩,6
扪,6
扫,6
扬,6
收,6
攷,6
旨,6
早,6
旬,6
旭,6
旮,6
旯,6
曲,6
曳,6
有,6
朱,6
朳,6
朴,6
朵,6
朸,6
朹,6
机,6
朻,6
朼,6
朽,6
朾,6
朿,6
杀,6
杂,6
权,6
次,6
欢,6
此,6
死,6
毕,6
氖,6
氘,6
汆,6
汊,6
汋,6
汌,6
汍,6
汎,6
汏,6
汐,6
汒,6
汔,6
汕,6
汗,6
汙,6
汛,6
汜,6
汝,6
江,6
池,6
污,6
汤,6
灰,6
灱,6
爷,6
牝,6
牞,6
牟,6
犴,6
犵,6
犷,6
玎,6
玑,6
甪,6
百,6
癿,6
穵,6
竹,6
米,6
糸,6
纡,6
红,6
纣,6
纤,6
纥,6
约,6
级,6
纨,6
纩,6
纪,6
纫,6
纶,6
缶,6
网,6
羊,6
羽,6
老,6
考,6
而,6
耒,6
耳,6
聿,6
肉,6
肋,6
肌,6
臣,6
自,6
至,6
臼,6
舌,6
舛,6
舟,6
艮,6
色,6
艸,6
虍,6
虫,6
血,6
行,6
衣,6
襾,6
西,6
观,6
讲,6
讳,6
讴,6
讵,6
讶,6
讷,6
许,6
讹,6
论,6
讼,6
讽,6
设,6
访,6
诀,6
贞,6
负,6
轨,6
边,6
辽,6
邔,6
邗,6
邘,6
邙,6
邛,6
邝,6
钆,6
钇,6
闫,6
闬,6
闭,6
问,6
闯,6
阠,6
阡,6
阢,6
阣,6
阤,6
页,6
饦,6
饧,6
驮,6
驯,6
驰,6
齐,6
佤,6
忘,6
状,6
芋,6
忙,7
㞷,7
㧑,7
㳄,7
两,7
严,7
串,7
乱,7
亨,7
亩,7
伭,7
伯,7
估,7
伳,7
伴,7
伶,7
伸,7
伺,7
伻,7
似,7
伽,7
伾,7
伿,7
佁,7
佃,7
但,7
佇,7
佈,7
佉,7
位,7
低,7
住,7
佐,7
佑,7
佒,7
体,7
佔,7
何,7
佖,7
佗,7
佘,7
余,7
佚,7
佛,7
作,7
佝,7
佞,7
佟,7
你,7
佡,7
佢,7
佣,7
佥,7
佧,7
克,7
兌,7
兑,7
兵,7
冏,7
冶,7
冷,7
冹,7
冻,7
刜,7
刞,7
刡,7
判,7
別,7
刨,7
利,7
刪,7
别,7
刭,7
助,7
努,7
劫,7
劬,7
劭,7
劮,7
励,7
劲,7
劳,7
匉,7
匣,7
卣,7
卲,7
即,7
卵,7
厎,7
厏,7
县,7
吘,7
吙,7
君,7
吜,7
吝,7
吞,7
吟,7
吠,7
吤,7
吥,7
否,7
吧,7
吨,7
吩,7
吪,7
含,7
听,7
吭,7
吮,7
吰,7
吱,7
吳,7
吵,7
吶,7
吷,7
吸,7
吹,7
吻,7
吼,7
吽,7
吾,7
呀,7
呁,7
呂,7
呃,7
呅,7
呆,7
呇,7
呈,7
告,7
呎,7
呏,7
呐,7
呒,7
呓,7
呔,7
呕,7
呖,7
呗,7
员,7
呙,7
呛,7
呜,7
囤,7
囥,7
囧,7
囪,7
囫,7
囮,7
困,7
囱,7
围,7
囵,7
圻,7
圾,7
址,7
坁,7
坅,7
均,7
坉,7
坊,7
坋,7
坌,7
坍,7
坎,7
坏,7
坐,7
坑,7
坒,7
块,7
坚,7
坛,7
坜,7
坝,7
坞,7
坟,7
坠,7
壯,7
夆,7
夾,7
奀,7
奁,7
奂,7
妊,7
妌,7
妎,7
妏,7
妐,7
妒,7
妓,7
妖,7
妗,7
妘,7
妙,7
妝,7
妞,7
妠,7
妡,7
妢,7
妣,7
妤,7
妥,7
妦,7
妧,7
妨,7
妩,7
妪,7
妫,7
孚,7
孛,7
孜,7
孝,7
宋,7
完,7
宍,7
宎,7
宏,7
宒,7
寽,7
寿,7
尨,7
尪,7
尬,7
尾,7
尿,7
局,7
屁,7
层,7
岆,7
岈,7
岉,7
岊,7
岋,7
岌,7
岏,7
岐,7
岑,7
岒,7
岓,7
岔,7
岕,7
岖,7
岗,7
岘,7
岙,7
岚,7
岛,7
巠,7
巡,7
巫,7
帊,7
希,7
帎,7
帏,7
帐,7
庇,7
庈,7
庉,7
床,7
庋,7
庌,7
庍,7
序,7
庐,7
庑,7
库,7
应,7
廷,7
弄,7
弅,7
弝,7
弟,7
张,7
形,7
彤,7
彶,7
彷,7
彸,7
役,7
彻,7
忌,7
忍,7
忐,7
忑,7
忒,7
志,7
忡,7
忣,7
忤,7
忨,7
忪,7
快,7
忭,7
忮,7
忯,7
忱,7
忳,7
忴,7
忷,7
忸,7
忺,7
忻,7
怀,7
怃,7
怄,7
怅,7
怆,7
我,7
戒,7
戺,7
扭,7
扮,7
扯,7
扰,7
扱,7
扲,7
扳,7
扴,7
扶,7
扷,7
批,7
扺,7
扻,7
扼,7
扽,7
找,7
技,7
抁,7
抃,7
抄,7
抆,7
抇,7
抈,7
抉,7
把,7
抌,7
抎,7
抏,7
抑,7
抒,7
抓,7
抔,7
投,7
抖,7
抗,7
折,7
抛,7
抟,7
抠,7
抡,7
抢,7
护,7
报,7
攸,7
改,7
攻,7
攼,7
旰,7
旱,7
旲,7
旳,7
旴,7
旵,7
时,7
旷,7
旸,7
更,7
杅,7
杆,7
杇,7
杈,7
杉,7
杋,7
杌,7
杍,7
李,7
杏,7
材,7
村,7
杓,7
杕,7
杖,7
杗,7
杙,7
杚,7
杜,7
杝,7
杞,7
束,7
杠,7
条,7
来,7
杨,7
杩,7
步,7
歼,7
每,7
毐,7
氙,7
氚,7
求,7
汞,7
汥,7
汦,7
汧,7
汨,7
汩,7
汪,7
汫,7
汭,7
汯,7
汰,7
汱,7
汲,7
汳,7
汴,7
汶,7
汸,7
決,7
汻,7
汽,7
汾,7
沁,7
沂,7
沃,7
沄,7
沅,7
沆,7
沇,7
沈,7
沉,7
沋,7
沌,7
沍,7
沎,7
沏,7
沐,7
沒,7
沔,7
沕,7
沖,7
沘,7
沙,7
沚,7
沛,7
沜,7
没,7
沣,7
沤,7
沥,7
沦,7
沧,7
沩,7
沪,7
灴,7
灶,7
灸,7
灺,7
灼,7
災,7
灾,7
灿,7
炀,7
牠,7
牡,7
牢,7
牣,7
犺,7
犽,7
犿,7
狁,7
狂,7
狃,7
狄,7
狅,7
狆,7
狈,7
玒,7
玓,7
玔,7
玕,7
玖,7
玗,7
玚,7
玛,7
甫,7
甬,7
男,7
甸,7
甹,7
町,7
疔,7
疕,7
疖,7
疗,7
皀,7
皁,7
皂,7
盯,7
矣,7
矶,7
礽,7
禿,7
秀,7
私,7
究,7
穷,7
糺,7
系,7
纬,7
纭,7
纮,7
纯,7
纰,7
纱,7
纲,7
纳,7
纴,7
纵,7
纷,7
纸,7
纹,7
纺,7
纻,7
纼,7
纽,7
纾,7
耴,7
肐,7
肒,7
肓,7
肕,7
肖,7
肘,7
肙,7
肚,7
肛,7
肜,7
肝,7
肠,7
良,7
艺,7
芒,7
見,7
角,7
言,7
证,7
诂,7
诃,7
评,7
诅,7
识,7
诇,7
诈,7
诉,7
诊,7
诋,7
诌,7
词,7
诎,7
诏,7
诐,7
译,7
诒,7
谷,7
豆,7
豕,7
豸,7
貝,7
贡,7
财,7
赤,7
走,7
足,7
身,7
車,7
轩,7
轪,7
轫,7
辛,7
辰,7
辵,7
辿,7
迂,7
迄,7
迅,7
迆,7
过,7
迈,7
迉,7
邑,7
邞,7
邟,7
邠,7
邡,7
邢,7
那,7
邥,7
邦,7
邧,7
邪,7
邬,7
酉,7
釆,7
里,7
针,7
钉,7
钊,7
钋,7
钌,7
闰,7
闱,7
闲,7
闳,7
间,7
闵,7
闶,7
闷,7
阨,7
阪,7
阬,7
阭,7
阮,7
阯,7
阰,7
阱,7
防,7
阵,7
阶,7
韧,7
飏,7
饨,7
饩,7
饪,7
饫,7
饬,7
饭,7
饮,7
驱,7
驲,7
驳,7
驴,7
鸠,7
鸡,7
龟,7
丽,7
些,7
佌,7
初,7
壳,7
延,7
忝,7
忠,7
极,7
祀,7
秃,7
羋,7
并,8
艼,8
艽,8
艾,8
艿,8
芀,8
免,8
罕,8
育,8
㚔,8
並,8
丧,8
丳,8
乖,8
乳,8
事,8
亞,8
享,8
京,8
佩,8
佪,8
佫,8
佬,8
佮,8
佯,8
佰,8
佳,8
佴,8
併,8
佶,8
佷,8
佸,8
佹,8
佺,8
佻,8
佼,8
佽,8
佾,8
使,8
侀,8
侁,8
侂,8
侃,8
侄,8
侅,8
來,8
侇,8
侈,8
侉,8
例,8
侍,8
侏,8
侐,8
侑,8
侒,8
侔,8
侕,8
侖,8
侗,8
侘,8
侚,8
供,8
侜,8
依,8
侞,8
侠,8
侣,8
侥,8
侦,8
侧,8
侨,8
侩,8
侪,8
侬,8
兒,8
兔,8
兕,8
兖,8
兩,8
其,8
具,8
典,8
冞,8
冼,8
冽,8
冾,8
净,8
凯,8
函,8
刮,8
到,8
刱,8
刲,8
刳,8
刵,8
制,8
刷,8
券,8
刺,8
刻,8
刽,8
刿,8
剀,8
剁,8
剂,8
劻,8
劼,8
劾,8
势,8
匊,8
匋,8
匦,8
匼,8
卑,8
卒,8
卓,8
協,8
单,8
卖,8
卦,8
卷,8
卸,8
卹,8
厒,8
厓,8
厔,8
厕,8
叀,8
参,8
叔,8
叕,8
取,8
受,8
变,8
呠,8
呡,8
呢,8
呣,8
呤,8
呥,8
呦,8
呧,8
周,8
呫,8
呬,8
呯,8
呱,8
味,8
呴,8
呵,8
呶,8
呷,8
呸,8
呺,8
呻,8
呼,8
命,8
呾,8
呿,8
咀,8
咁,8
咂,8
咄,8
咆,8
咇,8
咈,8
咋,8
和,8
咍,8
咎,8
咐,8
咑,8
咒,8
咕,8
咖,8
咘,8
咙,8
咚,8
咛,8
囷,8
囹,8
固,8
国,8
图,8
坡,8
坢,8
坤,8
坦,8
坨,8
坩,8
坪,8
坫,8
坭,8
坯,8
坰,8
坱,8
坲,8
坳,8
坴,8
坵,8
坶,8
坷,8
坻,8
坼,8
坽,8
垀,8
垃,8
垄,8
垆,8
备,8
夌,8
夜,8
奄,8
奅,8
奇,8
奈,8
奉,8
奋,8
妮,8
妯,8
妱,8
妲,8
妳,8
妴,8
妵,8
妶,8
妹,8
妺,8
妻,8
妼,8
妽,8
妾,8
姀,8
姁,8
姃,8
姅,8
姆,8
姇,8
姈,8
姊,8
始,8
姌,8
姍,8
姎,8
姏,8
姐,8
姑,8
姒,8
姓,8
委,8
姖,8
姗,8
孟,8
孢,8
季,8
孤,8
孥,8
学,8
宓,8
宕,8
宖,8
宗,8
官,8
宙,8
定,8
宛,8
宜,8
宝,8
实,8
宠,8
审,8
尚,8
屄,8
居,8
屆,8
屇,8
屈,8
届,8
岝,8
岟,8
岠,8
岡,8
岢,8
岣,8
岤,8
岥,8
岦,8
岧,8
岨,8
岩,8
岪,8
岫,8
岬,8
岭,8
岮,8
岯,8
岰,8
岱,8
岳,8
岵,8
岶,8
岷,8
岸,8
岿,8
峄,8
帑,8
帔,8
帕,8
帖,8
帗,8
帘,8
帙,8
帚,8
帛,8
帜,8
幷,8
幸,8
底,8
庖,8
店,8
庙,8
庚,8
府,8
庞,8
废,8
弢,8
弣,8
弤,8
弦,8
弧,8
弨,8
弩,8
弪,8
彔,8
录,8
彼,8
彽,8
彾,8
彿,8
往,8
征,8
徂,8
径,8
忞,8
忥,8
念,8
忽,8
忿,8
态,8
怂,8
怉,8
怊,8
怋,8
怌,8
怍,8
怏,8
怐,8
怑,8
怓,8
怔,8
怕,8
怖,8
怗,8
怙,8
怚,8
怛,8
怜,8
怞,8
怡,8
怢,8
怦,8
性,8
怩,8
怪,8
怫,8
怬,8
怭,8
怮,8
怯,8
怲,8
怳,8
怴,8
怵,8
总,8
怼,8
怿,8
戔,8
戕,8
或,8
戗,8
戽,8
戾,8
房,8
所,8
承,8
抨,8
抩,8
抪,8
披,8
抬,8
抭,8
抮,8
抯,8
抰,8
抱,8
抳,8
抴,8
抵,8
抶,8
抸,8
抹,8
抻,8
押,8
抽,8
抾,8
抿,8
拂,8
拄,8
拆,8
拇,8
拈,8
拉,8
拊,8
拋,8
拌,8
拍,8
拎,8
拐,8
拑,8
拒,8
拓,8
拔,8
拖,8
拗,8
拘,8
拙,8
拚,8
招,8
拟,8
拢,8
拣,8
拥,8
拦,8
拧,8
拨,8
择,8
攽,8
放,8
斧,8
斨,8
斩,8
斻,8
於,8
旺,8
旻,8
旼,8
旽,8
昀,8
昂,8
昃,8
昄,8
昅,8
昆,8
昇,8
昈,8
昉,8
昊,8
昋,8
昌,8
昍,8
明,8
昏,8
昐,8
昑,8
昒,8
易,8
昔,8
昕,8
昙,8
曶,8
朊,8
朋,8
服,8
杪,8
杬,8
杭,8
杯,8
杰,8
東,8
杲,8
杳,8
杴,8
杵,8
杶,8
杷,8
杸,8
杹,8
杺,8
杻,8
杼,8
杽,8
松,8
板,8
枃,8
构,8
枅,8
枆,8
枇,8
枉,8
枋,8
枌,8
枍,8
枎,8
枏,8
析,8
枑,8
枒,8
枓,8
枔,8
枕,8
林,8
枘,8
枙,8
枚,8
果,8
枝,8
枟,8
枢,8
枣,8
枥,8
枨,8
枪,8
枫,8
枭,8
欣,8
欥,8
欧,8
武,8
歧,8
歾,8
歿,8
殀,8
殁,8
殴,8
毞,8
氓,8
氛,8
氝,8
沀,8
沊,8
沓,8
沝,8
沫,8
沬,8
沭,8
沮,8
沰,8
沱,8
河,8
沴,8
沶,8
沷,8
沸,8
油,8
沺,8
治,8
沼,8
沽,8
沾,8
沿,8
泀,8
況,8
泂,8
泃,8
泄,8
泅,8
泆,8
泇,8
泊,8
泌,8
泍,8
泏,8
泐,8
泑,8
泒,8
泓,8
泔,8
法,8
泖,8
泗,8
泙,8
泛,8
泜,8
泝,8
泞,8
泠,8
泡,8
波,8
泣,8
泥,8
泧,8
注,8
泩,8
泫,8
泬,8
泭,8
泮,8
泯,8
泱,8
泲,8
泳,8
泷,8
泸,8
泹,8
泺,8
泻,8
泼,8
泽,8
泾,8
炂,8
炃,8
炄,8
炅,8
炆,8
炊,8
炎,8
炑,8
炒,8
炓,8
炔,8
炕,8
炖,8
炘,8
炙,8
炚,8
炜,8
炝,8
爬,8
爭,8
爸,8
牀,8
版,8
牧,8
物,8
牪,8
狀,8
狉,8
狋,8
狌,8
狎,8
狐,8
狑,8
狒,8
狔,8
狖,8
狗,8
狘,8
狙,8
狚,8
狜,8
狝,8
狞,8
玝,8
玟,8
玠,8
玡,8
玢,8
玤,8
玥,8
玦,8
玨,8
玩,8
玫,8
玬,8
玭,8
玮,8
环,8
现,8
玱,8
瓝,8
瓨,8
甽,8
甾,8
甿,8
畀,8
畅,8
疌,8
疘,8
疙,8
疚,8
疝,8
疟,8
疠,8
的,8
皯,8
盂,8
盰,8
盱,8
盲,8
盳,8
直,8
盵,8
知,8
矷,8
矸,8
矹,8
矺,8
矻,8
矼,8
矽,8
矾,8
矿,8
砀,8
码,8
社,8
礿,8
祁,8
祂,8
祃,8
秅,8
秈,8
秉,8
穸,8
穹,8
空,8
穻,8
竺,8
竻,8
籵,8
糽,8
糾,8
线,8
绀,8
绁,8
绂,8
练,8
组,8
绅,8
细,8
织,8
终,8
绉,8
绊,8
绋,8
绌,8
绍,8
绎,8
经,8
绐,8
罔,8
罗,8
羌,8
者,8
耵,8
肏,8
股,8
肢,8
肣,8
肥,8
肩,8
肪,8
肫,8
肭,8
肮,8
肯,8
肱,8
肴,8
肵,8
肸,8
肺,8
肽,8
肾,8
肿,8
胀,8
胁,8
臤,8
臥,8
臾,8
舍,8
舠,8
艰,8
节,8
芬,8
芳,8
虎,8
虏,8
虭,8
虮,8
虯,8
虰,8
虱,8
补,8
规,8
觅,8
诓,8
诔,8
试,8
诖,8
诗,8
诘,8
诙,8
诚,8
诛,8
诜,8
话,8
诞,8
诟,8
诠,8
诡,8
询,8
诣,8
诤,8
该,8
详,8
诧,8
诨,8
诩,8
豖,8
责,8
贤,8
败,8
账,8
货,8
质,8
贩,8
贪,8
贫,8
贬,8
购,8
贮,8
贯,8
軋,8
转,8
轭,8
轮,8
软,8
轰,8
迋,8
迍,8
迎,8
近,8
迒,8
迓,8
返,8
迕,8
迖,8
迗,8
还,8
这,8
进,8
远,8
违,8
连,8
迟,8
邯,8
邰,8
邱,8
邲,8
邳,8
邴,8
邵,8
邶,8
邸,8
邹,8
邺,8
邻,8
采,8
金,8
钍,8
钏,8
钐,8
钑,8
钒,8
钓,8
钔,8
钕,8
钖,8
钗,8
長,8
門,8
闸,8
闹,8
阜,8
阹,8
阺,8
阻,8
阼,8
阽,8
阿,8
陀,8
陂,8
陃,8
附,8
际,8
陆,8
陇,8
陈,8
陉,8
隶,8
隹,8
雨,8
青,8
非,8
顶,8
顷,8
饯,8
饰,8
饱,8
饲,8
饴,8
驵,8
驶,8
驷,8
驸,8
驹,8
驺,8
驻,8
驼,8
驽,8
驾,8
驿,8
骀,8
鱼,8
鸢,8
鸣,8
鸤,8
齿,8
亟,8
呰,8
呲,8
垂,8
庛,8
政,8
毒,8
牬,8
苣,8
邾,8
虒,8
妍,9
岍,9
芃,9
芄,9
芅,9
芊,9
芍,9
芎,9
芏,9
芐,9
芑,9
芓,9
剆,9
奔,9
洰,9
表,9
㒸,9
㖊,9
㡿,9
㰦,9
䊷,9
临,9
举,9
亭,9
亮,9
亯,9
亲,9
侮,9
侯,9
侲,9
侳,9
侵,9
侶,9
侷,9
侹,9
侺,9
侻,9
便,9
俀,9
俁,9
係,9
促,9
俄,9
俅,9
俇,9
俉,9
俊,9
俋,9
俍,9
俎,9
俏,9
俐,9
俑,9
俓,9
俔,9
俖,9
俗,9
俘,9
俙,9
俚,9
俛,9
俜,9
保,9
俞,9
俟,9
俠,9
信,9
俣,9
俦,9
俨,9
俩,9
俪,9
俬,9
俭,9
兗,9
兹,9
养,9
冑,9
冒,9
冠,9
剃,9
剄,9
則,9
剉,9
削,9
剋,9
剌,9
前,9
剎,9
剐,9
剑,9
勀,9
勁,9
勂,9
勃,9
勇,9
勉,9
勋,9
匍,9
匽,9
南,9
卻,9
卼,9
卽,9
厖,9
厗,9
厘,9
厙,9
厚,9
叚,9
叛,9
咠,9
咡,9
咢,9
咥,9
咦,9
咧,9
咨,9
咩,9
咪,9
咫,9
咬,9
咭,9
咮,9
咯,9
咰,9
咱,9
咳,9
咶,9
咷,9
咸,9
咺,9
咻,9
咼,9
咽,9
咾,9
咿,9
哀,9
品,9
哂,9
哃,9
哄,9
哅,9
哆,9
哇,9
哈,9
哉,9
响,9
哎,9
哏,9
哑,9
哒,9
哓,9
哔,9
哕,9
哖,9
哗,9
哙,9
哜,9
哝,9
哞,9
哟,9
囿,9
型,9
垌,9
垏,9
垓,9
垔,9
垕,9
垗,9
垘,9
垙,9
垚,9
垛,9
垝,9
垞,9
垟,9
垠,9
垢,9
垣,9
垤,9
垥,9
垦,9
垩,9
垫,9
垭,9
垮,9
垲,9
垵,9
城,9
壴,9
复,9
奎,9
奏,9
奐,9
契,9
奓,9
奕,9
奖,9
姘,9
姚,9
姛,9
姜,9
姝,9
姞,9
姠,9
姡,9
姣,9
姤,9
姥,9
姦,9
姨,9
姩,9
姪,9
姭,9
姮,9
姱,9
姲,9
姳,9
姴,9
姵,9
姶,9
姷,9
姺,9
姻,9
姼,9
姽,9
姾,9
姿,9
娀,9
威,9
娃,9
娄,9
娅,9
娆,9
娇,9
娈,9
孩,9
孪,9
客,9
宣,9
室,9
宥,9
宦,9
宨,9
宪,9
宫,9
封,9
尝,9
屋,9
屌,9
屍,9
屎,9
屏,9
峆,9
峇,9
峈,9
峉,9
峊,9
峋,9
峌,9
峎,9
峏,9
峐,9
峒,9
峓,9
峔,9
峖,9
峗,9
峘,9
峙,9
峚,9
峛,9
峞,9
峟,9
峡,9
峣,9
峤,9
峥,9
峦,9
巷,9
巹,9
帝,9
帟,9
帠,9
帡,9
帢,9
帣,9
帤,9
帥,9
带,9
帧,9
幽,9
庠,9
庢,9
庣,9
庤,9
庥,9
度,9
建,9
弇,9
弈,9
弭,9
弮,9
弯,9
彖,9
彥,9
彦,9
待,9
徆,9
徇,9
很,9
徉,9
徊,9
律,9
後,9
怎,9
怒,9
思,9
怠,9
怤,9
急,9
怨,9
怷,9
怹,9
恀,9
恂,9
恃,9
恄,9
恅,9
恆,9
恇,9
恉,9
恌,9
恍,9
恒,9
恓,9
恔,9
恘,9
恛,9
恞,9
恟,9
恢,9
恤,9
恦,9
恨,9
恪,9
恫,9
恬,9
恮,9
恰,9
恲,9
恸,9
恹,9
恺,9
恻,9
恼,9
恽,9
战,9
扁,9
扂,9
扃,9
拏,9
拜,9
拫,9
括,9
拭,9
拮,9
拯,9
拰,9
拱,9
拴,9
拵,9
拶,9
拷,9
拸,9
拹,9
拺,9
拻,9
拼,9
拽,9
拾,9
挀,9
持,9
挂,9
挃,9
指,9
按,9
挋,9
挌,9
挍,9
挎,9
挏,9
挑,9
挓,9
挔,9
挕,9
挖,9
挜,9
挝,9
挞,9
挟,9
挠,9
挡,9
挢,9
挣,9
挤,9
挥,9
挦,9
敁,9
敃,9
故,9
斪,9
斫,9
施,9
斿,9
既,9
昜,9
昝,9
星,9
映,9
昡,9
昢,9
昤,9
春,9
昦,9
昧,9
昨,9
昫,9
昭,9
昮,9
是,9
昱,9
昲,9
昳,9
昴,9
昵,9
昶,9
昹,9
昺,9
昼,9
昽,9
显,9
曷,9
朏,9
朐,9
枮,9
枯,9
枰,9
枲,9
枳,9
枴,9
枵,9
架,9
枷,9
枸,9
枹,9
枺,9
枻,9
枼,9
柀,9
柁,9
柂,9
柃,9
柄,9
柅,9
柆,9
柈,9
柉,9
柊,9
柋,9
柌,9
柍,9
柎,9
柏,9
某,9
柑,9
柒,9
染,9
柔,9
柘,9
柙,9
柚,9
柛,9
柜,9
柝,9
柞,9
柟,9
柢,9
柣,9
柤,9
查,9
柦,9
柧,9
柩,9
柪,9
柫,9
柬,9
柭,9
柮,9
柯,9
柰,9
柱,9
柲,9
柳,9
柵,9
柶,9
柷,9
柸,9
柺,9
柼,9
柽,9
柿,9
栀,9
栅,9
标,9
栈,9
栉,9
栊,9
栋,9
栌,9
栎,9
栏,9
树,9
欨,9
歪,9
殂,9
殃,9
殄,9
殆,9
殇,9
段,9
殶,9
毖,9
毗,9
毘,9
毠,9
氟,9
氠,9
氡,9
氢,9
泉,9
泚,9
泵,9
泶,9
洀,9
洁,9
洃,9
洄,9
洇,9
洈,9
洉,9
洊,9
洋,9
洌,9
洎,9
洏,9
洐,9
洑,9
洒,9
洗,9
洘,9
洙,9
洚,9
洛,9
洝,9
洞,9
洟,9
洠,9
洢,9
津,9
洧,9
洨,9
洩,9
洪,9
洫,9
洬,9
洭,9
洮,9
洱,9
洲,9
洳,9
洴,9
洵,9
洶,9
洷,9
洸,9
洹,9
洺,9
活,9
洼,9
洽,9
派,9
洿,9
浀,9
流,9
浂,9
浃,9
浅,9
浇,9
浈,9
浊,9
测,9
浍,9
济,9
浏,9
浐,9
浑,9
浒,9
浓,9
浔,9
炟,9
炡,9
炤,9
炩,9
炫,9
炬,9
炭,9
炮,9
炯,9
炰,9
炱,9
炳,9
炴,9
炵,9
炷,9
炸,9
点,9
為,9
炼,9
炽,9
炾,9
烁,9
烂,9
烃,9
爯,9
爰,9
牁,9
牉,9
牊,9
牮,9
牯,9
牰,9
牲,9
牳,9
牴,9
牵,9
狊,9
狟,9
狠,9
狡,9
狣,9
狤,9
狦,9
狨,9
狩,9
狪,9
狫,9
独,9
狭,9
狮,9
狯,9
狰,9
狱,9
狲,9
玅,9
玲,9
玳,9
玴,9
玵,9
玶,9
玷,9
玸,9
玹,9
玻,9
玾,9
玿,9
珀,9
珂,9
珃,9
珅,9
珆,9
珇,9
珈,9
珊,9
珋,9
珌,9
珍,9
珐,9
珑,9
瓬,9
瓮,9
瓯,9
甚,9
甭,9
甮,9
畇,9
畈,9
畋,9
界,9
畎,9
畏,9
畐,9
疡,9
疢,9
疣,9
疤,9
疥,9
疧,9
疪,9
疫,9
疭,9
疮,9
疯,9
癸,9
癹,9
皆,9
皇,9
皈,9
盃,9
盄,9
盅,9
盆,9
盈,9
盷,9
相,9
盹,9
盺,9
盻,9
盼,9
盾,9
省,9
眃,9
眄,9
眅,9
眇,9
眈,9
眉,9
眊,9
看,9
矜,9
矧,9
矨,9
砂,9
砃,9
砅,9
砆,9
砉,9
砌,9
砍,9
砎,9
砏,9
砐,9
砑,9
砒,9
砓,9
砖,9
砗,9
砚,9
祄,9
祅,9
祆,9
祇,9
祈,9
祉,9
祊,9
祋,9
祌,9
祎,9
禹,9
禺,9
秋,9
种,9
秎,9
秏,9
科,9
秒,9
秕,9
秖,9
穾,9
穿,9
窀,9
突,9
窃,9
竑,9
竖,9
竽,9
竿,9
笀,9
笁,9
笃,9
籸,9
籹,9
籺,9
籽,9
籿,9
粀,9
粁,9
紀,9
紁,9
紂,9
紃,9
約,9
紅,9
紆,9
紇,9
紈,9
紉,9
绑,9
绒,9
结,9
绕,9
绖,9
绗,9
绘,9
给,9
绚,9
绛,9
络,9
绝,9
绞,9
统,9
缸,9
罘,9
罚,9
羍,9
美,9
羑,9
羾,9
羿,9
耇,9
耍,9
耎,9
耏,9
耐,9
耑,9
耔,9
耶,9
耷,9
胂,9
胃,9
胄,9
胅,9
胇,9
胈,9
胉,9
胊,9
背,9
胍,9
胎,9
胏,9
胐,9
胑,9
胕,9
胖,9
胗,9
胘,9
胙,9
胚,9
胛,9
胜,9
胝,9
胞,9
胠,9
胡,9
胣,9
胤,9
胥,9
胦,9
胧,9
胪,9
胫,9
脉,9
致,9
臿,9
舡,9
舢,9
舣,9
芈,9
芔,9
芗,9
苗,9
苞,9
英,9
范,9
茉,9
虐,9
虳,9
虴,9
虷,9
虹,9
虺,9
虻,9
虼,9
虽,9
虾,9
虿,9
蚀,9
蚁,9
蚂,9
衁,9
衍,9
衎,9
衧,9
衩,9
衪,9
衫,9
衬,9
要,9
视,9
觇,9
览,9
觉,9
觓,9
觔,9
訂,9
訃,9
訄,9
訇,9
計,9
诪,9
诫,9
诬,9
语,9
诮,9
误,9
诰,9
诱,9
诲,9
诳,9
说,9
诵,9
诶,9
貞,9
負,9
贰,9
贱,9
贲,9
贳,9
贴,9
贵,9
贶,9
贷,9
贸,9
费,9
贺,9
贻,9
赲,9
赳,9
赴,9
赵,9
趴,9
軌,9
軍,9
轲,9
轳,9
轴,9
轵,9
轶,9
轸,9
轹,9
轺,9
轻,9
迠,9
迡,9
迢,9
迣,9
迤,9
迥,9
迦,9
迨,9
迪,9
迫,9
迭,9
迮,9
述,9
迳,9
邽,9
邿,9
郁,9
郃,9
郄,9
郅,9
郇,9
郈,9
郊,9
郋,9
郎,9
郏,9
郐,9
郑,9
郓,9
酊,9
酋,9
重,9
釓,9
釔,9
钘,9
钙,9
钛,9
钜,9
钝,9
钞,9
钟,9
钠,9
钡,9
钢,9
钣,9
钤,9
钥,9
钦,9
钧,9
钨,9
钩,9
钪,9
钫,9
钬,9
钭,9
钮,9
钯,9
閂,9
闺,9
闻,9
闼,9
闽,9
闾,9
闿,9
阀,9
阁,9
阂,9
陊,9
陋,9
陌,9
降,9
陎,9
陏,9
限,9
陑,9
陓,9
陔,9
陕,9
面,9
革,9
韋,9
韨,9
韭,9
音,9
頁,9
顸,9
项,9
顺,9
须,9
風,9
飐,9
飑,9
飒,9
飛,9
食,9
饵,9
饶,9
饷,9
饺,9
饼,9
首,9
香,9
骁,9
骂,9
骃,9
骄,9
骅,9
骆,9
骇,9
骈,9
骉,9
鸥,9
鸦,9
鸧,9
鸨,9
鸩,9
宬,9
将,9
柴,9
洯,9
玼,9
疺,9
祝,9
芘,10
芙,10
芚,10
芛,10
芝,10
芞,10
芟,10
芠,10
芡,10
芢,10
芣,10
芤,10
芥,10
芧,10
芨,10
芩,10
芫,10
芭,10
芮,10
芯,10
芰,10
花,10
芴,10
芵,10
芶,10
芷,10
芸,10
芹,10
芺,10
芼,10
芽,10
芾,10
苀,10
苂,10
苃,10
唛,10
峸,10
珫,10
郕,10
㑩,10
㖞,10
䌸,10
乘,10
亳,10
修,10
俯,10
俱,10
俳,10
俴,10
俵,10
俶,10
俷,10
俸,10
俺,10
俾,10
倀,10
倅,10
倆,10
倇,10
倉,10
個,10
倌,10
倍,10
倎,10
們,10
倒,10
倓,10
倔,10
倖,10
倗,10
倘,10
候,10
倚,10
倛,10
倜,10
倝,10
倞,10
借,10
倠,10
倡,10
倢,10
倣,10
倥,10
倦,10
倧,10
倨,10
倩,10
倪,10
倫,10
倬,10
倭,10
倯,10
倰,10
倱,10
倳,10
倵,10
倷,10
债,10
值,10
倾,10
党,10
兼,10
冓,10
冔,10
冢,10
冤,10
冥,10
凄,10
凅,10
准,10
凈,10
凊,10
凋,10
凌,10
凍,10
凎,10
剒,10
剔,10
剕,10
剖,10
剚,10
剛,10
剜,10
剝,10
剞,10
剟,10
剡,10
剢,10
剥,10
剧,10
勍,10
匎,10
匪,10
厝,10
厞,10
原,10
叟,10
哠,10
員,10
哢,10
哤,10
哥,10
哦,10
哧,10
哨,10
哩,10
哪,10
哫,10
哭,10
哮,10
哱,10
哲,10
哳,10
哷,10
哸,10
哺,10
哻,10
哼,10
哽,10
哿,10
唁,10
唃,10
唄,10
唅,10
唆,10
唇,10
唈,10
唉,10
唊,10
唋,10
唎,10
唏,10
唐,10
唑,10
唒,10
唔,10
唗,10
唚,10
唝,10
唠,10
唡,10
唢,10
唤,10
唦,10
唧,10
圁,10
圂,10
圃,10
圄,10
圆,10
垶,10
垸,10
垹,10
垺,10
垼,10
垽,10
垿,10
埁,10
埂,10
埃,10
埆,10
埇,10
埊,10
埋,10
埌,10
埐,10
埒,10
埔,10
埕,10
埗,10
埘,10
埙,10
埚,10
壶,10
夎,10
夏,10
奊,10
套,10
奘,10
奚,10
姬,10
娉,10
娊,10
娌,10
娏,10
娑,10
娓,10
娕,10
娖,10
娗,10
娘,10
娙,10
娛,10
娜,10
娞,10
娟,10
娠,10
娣,10
娥,10
娩,10
娭,10
娮,10
娱,10
娲,10
娳,10
娴,10
孫,10
孬,10
宧,10
宭,10
宮,10
宰,10
害,10
宴,10
宵,10
家,10
宸,10
容,10
宽,10
宾,10
尃,10
射,10
屐,10
屑,10
屔,10
展,10
屖,10
屘,10
峨,10
峪,10
峬,10
峭,10
峮,10
峰,10
峱,10
峴,10
島,10
峷,10
峹,10
峻,10
峽,10
峿,10
崀,10
崁,10
崂,10
崃,10
崄,10
差,10
帨,10
帩,10
師,10
席,10
帮,10
帱,10
座,10
庨,10
庪,10
庫,10
庬,10
庭,10
庮,10
弰,10
弱,10
弳,10
彧,10
徐,10
徑,10
徒,10
徕,10
恁,10
恐,10
恕,10
恖,10
恙,10
恚,10
恝,10
恣,10
恥,10
恧,10
恩,10
恭,10
息,10
恳,10
恶,10
悀,10
悁,10
悃,10
悄,10
悅,10
悇,10
悈,10
悌,10
悍,10
悎,10
悒,10
悔,10
悕,10
悖,10
悗,10
悚,10
悛,10
悜,10
悝,10
悟,10
悢,10
悦,10
悫,10
悭,10
悯,10
戙,10
扅,10
扆,10
扇,10
拲,10
拳,10
拿,10
挈,10
挐,10
挚,10
挛,10
挨,10
挩,10
挪,10
挫,10
挬,10
挭,10
振,10
挳,10
挴,10
挶,10
挸,10
挹,10
挺,10
挼,10
挽,10
挾,10
捀,10
捁,10
捂,10
捃,10
捄,10
捅,10
捆,10
捇,10
捈,10
捉,10
捊,10
捋,10
捌,10
捍,10
捎,10
捏,10
捐,10
捑,10
捔,10
捕,10
捖,10
捗,10
捘,10
捙,10
捚,10
捝,10
捞,10
损,10
捡,10
换,10
捣,10
敆,10
效,10
敉,10
敊,10
料,10
旁,10
旂,10
旃,10
旄,10
旅,10
旆,10
晁,10
時,10
晃,10
晅,10
晇,10
晉,10
晊,10
晌,10
晏,10
晑,10
晒,10
晓,10
晔,10
晕,10
晖,10
書,10
朒,10
朓,10
朔,10
朕,10
栒,10
栓,10
栔,10
栖,10
栗,10
栘,10
栚,10
栜,10
栝,10
栟,10
栠,10
校,10
栥,10
栦,10
栨,10
栩,10
株,10
栫,10
栭,10
栮,10
栯,10
栱,10
栲,10
栳,10
栴,10
栵,10
核,10
根,10
栺,10
栻,10
格,10
栽,10
桀,10
桁,10
桂,10
桃,10
桄,10
桅,10
框,10
案,10
桉,10
桋,10
桌,10
桍,10
桎,10
桏,10
桐,10
桑,10
桓,10
桔,10
桠,10
桡,10
桢,10
档,10
桤,10
桥,10
桦,10
桧,10
桨,10
桩,10
欬,10
欭,10
欯,10
欱,10
歭,10
殈,10
殉,10
殊,10
残,10
殷,10
毙,10
毢,10
毣,10
毤,10
毦,10
毧,10
毨,10
氣,10
氤,10
氥,10
氦,10
氧,10
氨,10
氩,10
泰,10
洍,10
洖,10
浆,10
浘,10
浙,10
浚,10
浞,10
浟,10
浠,10
浡,10
浢,10
浣,10
浤,10
浥,10
浦,10
浧,10
浨,10
浩,10
浪,10
浬,10
浭,10
浮,10
浯,10
浰,10
浴,10
浵,10
浶,10
海,10
浸,10
浹,10
浺,10
浻,10
浼,10
浽,10
浾,10
浿,10
涀,10
涂,10
涃,10
涄,10
涅,10
涆,10
涇,10
消,10
涉,10
涊,10
涋,10
涌,10
涍,10
涐,10
涑,10
涒,10
涓,10
涔,10
涕,10
涗,10
涘,10
涛,10
涝,10
涞,10
涟,10
涠,10
涡,10
涣,10
涤,10
润,10
涧,10
涨,10
涩,10
烅,10
烆,10
烇,10
烈,10
烊,10
烋,10
烍,10
烎,10
烏,10
烑,10
烒,10
烓,10
烔,10
烗,10
烘,10
烙,10
烚,10
烜,10
烝,10
烞,10
烠,10
烡,10
烢,10
烤,10
烦,10
烧,10
烨,10
烩,10
烫,10
烬,10
热,10
爱,10
爹,10
牂,10
牶,10
牷,10
牸,10
特,10
牺,10
狳,10
狴,10
狶,10
狷,10
狸,10
狹,10
狺,10
狻,10
狼,10
狽,10
狾,10
猀,10
猁,10
猃,10
玆,10
珒,10
珓,10
珔,10
珖,10
珗,10
珘,10
珙,10
珚,10
珛,10
珜,10
珝,10
珞,10
珠,10
珣,10
珥,10
珧,10
珨,10
珩,10
珪,10
班,10
珮,10
珰,10
珲,10
琉,10
瓞,10
瓟,10
瓴,10
瓵,10
甡,10
畔,10
留,10
畚,10
畛,10
畜,10
畝,10
畟,10
疰,10
疲,10
疳,10
疶,10
疸,10
疹,10
疻,10
疼,10
疽,10
疾,10
疿,10
痀,10
痁,10
痂,10
痄,10
病,10
症,10
痈,10
痉,10
皊,10
皋,10
皰,10
皱,10
盉,10
益,10
盍,10
盎,10
盏,10
盐,10
监,10
眐,10
眑,10
眒,10
眓,10
眔,10
眕,10
眙,10
眚,10
眛,10
眝,10
真,10
眠,10
眢,10
眣,10
眧,10
眨,10
眩,10
眬,10
矩,10
砝,10
砟,10
砠,10
砡,10
砢,10
砣,10
砥,10
砧,10
砨,10
砩,10
砪,10
砫,10
砬,10
砭,10
砮,10
砯,10
砰,10
砱,10
砲,10
砳,10
破,10
砵,10
砷,10
砸,10
砺,10
砻,10
砾,10
础,10
硁,10
祏,10
祐,10
祑,10
祒,10
祓,10
祔,10
祕,10
祖,10
祗,10
祚,10
祛,10
祜,10
神,10
祟,10
祠,10
秘,10
秜,10
秝,10
秞,10
租,10
秠,10
秣,10
秤,10
秦,10
秧,10
秩,10
秪,10
秫,10
秬,10
秭,10
秮,10
积,10
称,10
窄,10
窅,10
窆,10
窇,10
窈,10
窉,10
窊,10
窋,10
窌,10
窍,10
窎,10
竘,10
站,10
竞,10
笅,10
笆,10
笈,10
笉,10
笊,10
笋,10
笎,10
笏,10
笐,10
笑,10
笒,10
笓,10
笕,10
粄,10
粅,10
粈,10
粉,10
粊,10
粌,10
粍,10
粑,10
紊,10
紋,10
紌,10
納,10
紎,10
紏,10
紐,10
紑,10
紒,10
紓,10
純,10
紕,10
紖,10
紗,10
紘,10
紙,10
級,10
紛,10
紜,10
紝,10
紞,10
紟,10
素,10
紡,10
索,10
紧,10
绠,10
绡,10
绢,10
绣,10
绤,10
绥,10
绦,10
继,10
绨,10
缹,10
缺,10
罛,10
罜,10
罝,10
罞,10
罟,10
罠,10
罡,10
罢,10
羒,10
羔,10
羖,10
翀,10
翁,10
翂,10
翃,10
翅,10
耄,10
耆,10
耕,10
耖,10
耗,10
耘,10
耙,10
耹,10
耽,10
耾,10
耿,10
聂,10
肂,10
肃,10
胭,10
胯,10
胰,10
胱,10
胲,10
胳,10
胴,10
胵,10
胸,10
胹,10
胺,10
胻,10
胼,10
能,10
脀,10
脁,10
脂,10
脅,10
脆,10
脇,10
脈,10
脊,10
脍,10
脏,10
脐,10
脑,10
脓,10
臬,10
臭,10
舀,10
舁,10
舐,10
舥,10
舨,10
航,10
舫,10
般,10
舯,10
舰,10
舱,10
艳,10
芻,10
苇,10
苈,10
苋,10
苌,10
苍,10
苎,10
苏,10
茫,10
茲,10
茸,10
荊,10
虓,10
虔,10
蚅,10
蚆,10
蚇,10
蚊,10
蚋,10
蚌,10
蚍,10
蚎,10
蚐,10
蚑,10
蚓,10
蚔,10
蚕,10
蚖,10
蚗,10
蚘,10
蚙,10
蚚,10
蚜,10
蚝,10
蚞,10
蚡,10
蚢,10
蚣,10
蚤,10
蚥,10
蚧,10
蚨,10
蚩,10
蚪,10
蚬,10
衃,10
衄,10
衭,10
衯,10
衰,10
衱,10
衲,10
衴,10
衵,10
衶,10
衷,10
衹,10
衼,10
衽,10
衾,10
衿,10
袀,10
袁,10
袂,10
袃,10
袄,10
袅,10
袆,10
觊,10
訊,10
訌,10
討,10
訏,10
訐,10
訑,10
訒,10
訓,10
訕,10
訖,10
託,10
記,10
訚,10
请,10
诸,10
诹,10
诺,10
读,10
诼,10
诽,10
课,10
诿,10
谀,10
谁,10
谂,10
调,10
谄,10
谅,10
谆,10
谇,10
谈,10
谊,10
豇,10
豈,10
豗,10
豹,10
豺,10
豻,10
財,10
貢,10
貣,10
貤,10
贼,10
贽,10
贾,10
贿,10
赀,10
赁,10
赂,10
赃,10
资,10
赅,10
赆,10
赶,10
起,10
赸,10
趵,10
趶,10
趷,10
趸,10
躬,10
軏,10
軑,10
軒,10
軓,10
軔,10
轼,10
载,10
轾,10
轿,10
辀,10
辁,10
辂,10
较,10
辱,10
迴,10
迵,10
迶,10
迷,10
迹,10
迺,10
迻,10
迼,10
追,10
迾,10
迿,10
退,10
送,10
适,10
逃,10
逄,10
逅,10
逆,10
选,10
逊,10
邕,10
郖,10
郗,10
郘,10
郙,10
郚,10
郛,10
郜,10
郝,10
郟,10
郠,10
郡,10
郢,10
郣,10
郤,10
郥,10
郦,10
郧,10
酌,10
配,10
酎,10
酏,10
酐,10
酒,10
釕,10
釗,10
釘,10
釙,10
釚,10
釜,10
針,10
釢,10
钰,10
钱,10
钲,10
钳,10
钴,10
钵,10
钶,10
钸,10
钹,10
钺,10
钻,10
钼,10
钽,10
钾,10
钿,10
铀,10
铁,10
铂,10
铃,10
铄,10
铅,10
铆,10
铇,10
铈,10
铉,10
铊,10
铋,10
铌,10
铍,10
铎,10
閃,10
阃,10
阄,10
阅,10
阆,10
陘,10
陛,10
陜,10
陝,10
陞,10
陟,10
陡,10
院,10
陣,10
除,10
陧,10
陨,10
险,10
隻,10
隼,10
难,10
顽,10
顾,10
顿,10
颀,10
颁,10
颂,10
颃,10
预,10
饽,10
饾,10
饿,10
馀,10
馁,10
馂,10
馬,10
骊,10
骋,10
验,10
骍,10
骎,10
骏,10
骨,10
高,10
髟,10
鬥,10
鬯,10
鬲,10
鬼,10
鱽,10
鸪,10
鸫,10
鸬,10
鸭,10
鸮,10
鸯,10
鸰,10
鸱,10
鸲,10
鸳,10
鸴,10
鸵,10
鸶,10
龀,10
倏,10
倕,10
厜,10
唌,10
埏,10
挻,10
涎,10
狿,10
疵,10
皉,10
眥,10
砦,10
祡,10
通,10
郔,10
庰,11
研,11
苑,11
苒,11
苓,11
苔,11
苕,11
苖,11
苙,11
苛,11
苜,11
苟,11
苠,11
苡,11
苤,11
若,11
苦,11
苧,11
苨,11
苪,11
苫,11
苬,11
苭,11
苯,11
苰,11
苲,11
苳,11
苴,11
苵,11
苶,11
苷,11
苹,11
苺,11
苻,11
苾,11
茀,11
茁,11
茂,11
茄,11
茅,11
茆,11
茇,11
茌,11
茍,11
茎,11
郱,11
卿,11
唷,11
堉,11
晟,11
朗,11
梳,11
欴,11
淯,11
茈,11
飢,11
飣,11
㠱,11
㪋,11
䌷,11
䌹,11
䜣,11
䝙,11
乾,11
乿,11
偀,11
偁,11
偃,11
偅,11
偆,11
假,11
偈,11
偉,11
偊,11
偋,11
偌,11
偍,11
偎,11
偏,11
偑,11
偓,11
偕,11
偗,11
做,11
偛,11
停,11
偝,11
偞,11
偟,11
偠,11
偡,11
偢,11
偣,11
偤,11
健,11
偩,11
偪,11
偫,11
偭,11
偮,11
偯,11
偰,11
偲,11
偳,11
側,11
偵,11
偶,11
偷,11
偺,11
偻,11
偽,11
偾,11
偿,11
兜,11
兽,11
冕,11
凐,11
凑,11
凰,11
剪,11
剫,11
剬,11
剭,11
剮,11
副,11
勒,11
勓,11
動,11
勖,11
勗,11
勘,11
務,11
勚,11
匏,11
匐,11
匙,11
匭,11
匮,11
匾,11
匿,11
區,11
厢,11
厣,11
參,11
唪,11
唬,11
唭,11
售,11
唯,11
唰,11
唱,11
唲,11
唳,11
唴,11
唵,11
唶,11
唸,11
唹,11
唻,11
唼,11
啀,11
啁,11
啃,11
啄,11
啅,11
商,11
啈,11
啊,11
啋,11
啍,11
啎,11
問,11
啐,11
啑,11
啒,11
啕,11
啖,11
啗,11
啚,11
啜,11
啞,11
啟,11
啡,11
啢,11
啣,11
啤,11
啥,11
啦,11
啧,11
啪,11
啬,11
啭,11
啮,11
啲,11
啴,11
啵,11
啶,11
啸,11
圇,11
圈,11
圉,11
圊,11
國,11
埜,11
域,11
埠,11
埡,11
埢,11
埣,11
埤,11
埥,11
埧,11
埩,11
埬,11
埭,11
埮,11
埰,11
埱,11
埲,11
埳,11
埴,11
埶,11
執,11
埸,11
培,11
基,11
埻,11
埼,11
埽,11
堀,11
堁,11
堂,11
堄,11
堅,11
堆,11
堇,11
堈,11
堊,11
堋,11
堌,11
堍,11
堎,11
堐,11
堑,11
堔,11
堕,11
壸,11
夠,11
奜,11
娵,11
娶,11
娸,11
娹,11
娼,11
娾,11
婀,11
婁,11
婂,11
婃,11
婄,11
婆,11
婇,11
婈,11
婉,11
婊,11
婌,11
婍,11
婐,11
婑,11
婒,11
婓,11
婕,11
婖,11
婗,11
婘,11
婚,11
婛,11
婜,11
婝,11
婞,11
婟,11
婠,11
婢,11
婤,11
婥,11
婦,11
婧,11
婩,11
婪,11
婬,11
婭,11
婰,11
婳,11
婴,11
婵,11
婶,11
孮,11
孰,11
孲,11
宿,11
寀,11
寁,11
寂,11
寄,11
寅,11
密,11
寇,11
將,11
專,11
尉,11
屙,11
屜,11
屝,11
崆,11
崇,11
崋,11
崌,11
崍,11
崎,11
崏,11
崑,11
崒,11
崔,11
崖,11
崗,11
崙,11
崚,11
崛,11
崝,11
崞,11
崟,11
崠,11
崢,11
崣,11
崤,11
崥,11
崦,11
崧,11
崨,11
崩,11
崭,11
崮,11
崰,11
巢,11
帳,11
帴,11
帶,11
帷,11
常,11
帻,11
帼,11
庱,11
庲,11
庳,11
庴,11
庵,11
庶,11
康,11
庸,11
庹,11
張,11
弶,11
強,11
弸,11
弹,11
彗,11
彩,11
彪,11
彫,11
彬,11
徖,11
得,11
徘,11
徙,11
徛,11
徜,11
從,11
徟,11
徠,11
恿,11
悆,11
悉,11
悊,11
悐,11
悠,11
患,11
悤,11
您,11
悬,11
悰,11
悱,11
悴,11
悵,11
悷,11
悸,11
悺,11
悻,11
悼,11
悽,11
悾,11
悿,11
惀,11
惃,11
情,11
惆,11
惇,11
惈,11
惊,11
惋,11
惍,11
惏,11
惓,11
惔,11
惕,11
惘,11
惙,11
惚,11
惛,11
惜,11
惝,11
惟,11
惤,11
惦,11
惧,11
惨,11
惬,11
惭,11
惮,11
惯,11
戚,11
戛,11
扈,11
挲,11
捥,11
捧,11
捨,11
捩,11
捫,11
捭,11
据,11
捯,11
捰,11
捱,11
捲,11
捵,11
捷,11
捸,11
捺,11
捻,11
捼,11
捽,11
掀,11
掁,11
掂,11
掃,11
掄,11
掅,11
掇,11
授,11
掉,11
掊,11
掍,11
掎,11
掏,11
掐,11
掑,11
排,11
掖,11
掗,11
掘,11
掙,11
掛,11
掜,11
掝,11
掞,11
掟,11
掠,11
採,11
探,11
掤,11
接,11
控,11
推,11
掩,11
措,11
掫,11
掬,11
掭,11
掮,11
掯,11
掳,11
掴,11
掷,11
掸,11
掺,11
掼,11
掽,11
敏,11
救,11
敓,11
敔,11
敕,11
敖,11
敗,11
敘,11
教,11
敛,11
斛,11
斜,11
斬,11
旋,11
旌,11
旍,11
旎,11
族,11
晙,11
晚,11
晛,11
晜,11
晝,11
晞,11
晡,11
晢,11
晤,11
晥,11
晦,11
晨,11
曹,11
曼,11
朘,11
望,11
桫,11
桭,11
桮,11
桯,11
桱,11
桲,11
桴,11
桵,11
桶,11
桷,11
桸,11
桹,11
桻,11
桼,11
桽,11
桾,11
桿,11
梀,11
梁,11
梂,11
梃,11
梅,11
梆,11
梇,11
梉,11
梊,11
梋,11
梌,11
梏,11
梐,11
梑,11
梒,11
梓,11
梔,11
梖,11
梗,11
梛,11
梜,11
條,11
梟,11
梠,11
梡,11
梢,11
梣,11
梤,11
梧,11
梨,11
梩,11
梪,11
梫,11
梬,11
梭,11
梮,11
梯,11
械,11
梱,11
梲,11
梵,11
梼,11
梾,11
梿,11
检,11
棁,11
棂,11
欲,11
欳,11
欶,11
欷,11
欸,11
殌,11
殍,11
殎,11
殏,11
殑,11
殒,11
殓,11
殺,11
毫,11
毬,11
氪,11
氫,11
涪,11
涫,11
涬,11
涮,11
涯,11
液,11
涳,11
涴,11
涵,11
涷,11
涸,11
涺,11
涻,11
涼,11
涽,11
涾,11
涿,11
淀,11
淂,11
淄,11
淅,11
淆,11
淇,11
淈,11
淉,11
淊,11
淋,11
淌,11
淍,11
淏,11
淐,11
淑,11
淒,11
淓,11
淔,11
淕,11
淖,11
淗,11
淘,11
淙,11
淚,11
淛,11
淜,11
淝,11
淞,11
淟,11
淠,11
淡,11
淢,11
淣,11
淤,11
淥,11
淦,11
淨,11
淩,11
淪,11
淫,11
淬,11
淭,11
淮,11
淰,11
深,11
淲,11
淳,11
淴,11
淵,11
淶,11
混,11
淹,11
淺,11
添,11
淽,11
渀,11
清,11
渊,11
渌,11
渍,11
渎,11
渐,11
渑,11
渔,11
渖,11
渗,11
渚,11
湴,11
烯,11
烰,11
烳,11
烴,11
烶,11
烷,11
烸,11
烹,11
烺,11
烼,11
烽,11
烿,11
焀,11
焂,11
焄,11
焆,11
焉,11
焊,11
焋,11
焌,11
焍,11
焎,11
焐,11
焓,11
焕,11
焖,11
焗,11
焘,11
爽,11
牻,11
牼,11
牽,11
牾,11
牿,11
犁,11
猇,11
猈,11
猊,11
猏,11
猑,11
猓,11
猖,11
猗,11
猘,11
猙,11
猛,11
猜,11
猝,11
猞,11
猡,11
率,11
玈,11
珴,11
珵,11
珶,11
珸,11
珺,11
珼,11
珽,11
現,11
珿,11
琀,11
琁,11
球,11
琄,11
琅,11
理,11
琇,11
琈,11
琊,11
琋,11
琌,11
琍,11
琏,11
琐,11
瓠,11
瓶,11
瓷,11
甜,11
產,11
畢,11
畣,11
畤,11
略,11
畦,11
異,11
痊,11
痋,11
痌,11
痍,11
痎,11
痏,11
痐,11
痑,11
痒,11
痔,11
痕,11
皎,11
皏,11
皑,11
皲,11
盒,11
盓,11
盔,11
盗,11
盘,11
眭,11
眯,11
眱,11
眲,11
眳,11
眴,11
眵,11
眶,11
眷,11
眸,11
眹,11
眺,11
眻,11
眼,11
眽,11
眾,11
着,11
睁,11
矫,11
硃,11
硅,11
硈,11
硉,11
硊,11
硌,11
硍,11
硎,11
硐,11
硒,11
硕,11
硖,11
硗,11
硙,11
祣,11
祤,11
祥,11
祧,11
票,11
祩,11
祪,11
祫,11
祭,11
祯,11
离,11
秶,11
秷,11
秸,11
秺,11
移,11
秽,11
秾,11
窏,11
窐,11
窒,11
窔,11
窕,11
竟,11
章,11
笘,11
笙,11
笚,11
笛,11
笝,11
笞,11
笠,11
笢,11
笣,11
笤,11
笥,11
符,11
笨,11
笪,11
笫,11
第,11
笭,11
笮,11
笯,11
笰,11
笱,11
笲,11
笳,11
笴,11
笵,11
笸,11
笺,11
笻,11
笼,11
笾,11
粒,11
粔,11
粕,11
粖,11
粗,11
粘,11
粝,11
粣,11
紨,11
紩,11
紬,11
紮,11
累,11
細,11
紱,11
紲,11
紳,11
紵,11
紶,11
紸,11
紹,11
紺,11
紻,11
紼,11
紽,11
紾,11
紿,11
絀,11
絁,11
終,11
絃,11
組,11
絅,11
絆,11
絇,11
絊,11
绩,11
绪,11
绫,11
续,11
绮,11
绯,11
绰,11
绱,11
绲,11
绳,11
维,11
绵,11
绶,11
绷,11
绸,11
绹,11
绺,11
绻,11
综,11
绽,11
绾,11
绿,11
缀,11
缁,11
缽,11
罣,11
羕,11
羚,11
羛,11
羜,11
羝,11
羞,11
羟,11
翇,11
翉,11
翊,11
翋,11
翌,11
翍,11
翎,11
翏,11
翐,11
翑,11
習,11
耛,11
耜,11
耞,11
耟,11
聃,11
聆,11
聇,11
聈,11
聊,11
聋,11
职,11
聍,11
脕,11
脖,11
脘,11
脙,11
脛,11
脝,11
脞,11
脟,11
脡,11
脢,11
脣,11
脤,11
脥,11
脧,11
脩,11
脫,11
脬,11
脭,11
脯,11
脰,11
脱,11
脶,11
脸,11
舂,11
舑,11
舲,11
舳,11
舴,11
舵,11
舶,11
舷,11
舸,11
船,11
舺,11
舻,11
艴,11
茏,11
茑,11
茔,11
茕,11
莉,11
莊,11
莎,11
莫,11
處,11
虖,11
虙,11
虚,11
蚯,11
蚰,11
蚱,11
蚳,11
蚴,11
蚵,11
蚶,11
蚷,11
蚸,11
蚹,11
蚺,11
蚻,11
蚼,11
蚽,11
蚾,11
蚿,11
蛀,11
蛁,11
蛂,11
蛃,11
蛄,11
蛅,11
蛆,11
蛇,11
蛈,11
蛉,11
蛋,11
蛌,11
蛎,11
蛏,11
衒,11
術,11
衔,11
袈,11
袉,11
袋,11
袌,11
袍,11
袎,11
袑,11
袒,11
袓,11
袕,11
袖,11
袗,11
袘,11
袙,11
袚,11
袛,11
袞,11
袟,11
袡,11
袢,11
袤,11
袧,11
袨,11
袪,11
被,11
袬,11
袭,11
覂,11
規,11
覓,11
觋,11
觕,11
觖,11
觗,11
觙,11
訛,11
訝,11
訞,11
訟,11
訢,11
訣,11
訥,11
訧,11
訪,11
訬,11
設,11
訰,11
許,11
谋,11
谌,11
谍,11
谎,11
谏,11
谐,11
谑,11
谒,11
谓,11
谔,11
谕,11
谖,11
谗,11
谘,11
谙,11
谚,11
谛,11
谜,11
谝,11
谞,11
谹,11
谻,11
豉,11
豚,11
豜,11
豝,11
豽,11
貥,11
貧,11
貨,11
販,11
貪,11
貫,11
責,11
赇,11
赈,11
赉,11
赊,11
赦,11
赹,11
赻,11
赽,11
趹,11
趺,11
趾,11
趿,11
跁,11
跂,11
跃,11
跄,11
躯,11
軗,11
軘,11
軛,11
軜,11
軝,11
軞,11
軟,11
軠,11
軡,11
辄,11
辅,11
辆,11
逋,11
逌,11
逍,11
透,11
逐,11
逑,11
途,11
逕,11
逖,11
逗,11
這,11
逛,11
逜,11
逝,11
逞,11
速,11
造,11
逡,11
逢,11
連,11
逤,11
逦,11
部,11
郩,11
郪,11
郫,11
郬,11
郭,11
郯,11
郰,11
郲,11
郳,11
郴,11
郸,11
酓,11
酕,11
酖,11
酗,11
酘,11
酚,11
酝,11
野,11
釣,11
釤,11
釦,11
釧,11
釨,11
釩,11
釪,11
釫,11
釬,11
釭,11
釮,11
釱,11
釳,11
釴,11
釵,11
釷,11
釸,11
釹,11
铏,11
铐,11
铑,11
铒,11
铓,11
铔,11
铕,11
铖,11
铗,11
铙,11
铚,11
铛,11
铜,11
铝,11
铟,11
铠,11
铡,11
铢,11
铣,11
铤,11
铥,11
铦,11
铧,11
铨,11
铩,11
铪,11
铫,11
铬,11
铭,11
铮,11
铯,11
铰,11
铱,11
铲,11
铳,11
铴,11
铵,11
银,11
铷,11
閆,11
閈,11
閉,11
阇,11
阈,11
阉,11
阊,11
阋,11
阌,11
阍,11
阎,11
阏,11
阐,11
陪,11
陫,11
陬,11
陭,11
陯,11
陰,11
陱,11
陳,11
陴,11
陵,11
陶,11
陷,11
陸,11
隿,11
雀,11
雩,11
雪,11
靪,11
頂,11
頃,11
頄,11
颅,11
领,11
颇,11
颈,11
飤,11
馄,11
馅,11
馆,11
馗,11
骐,11
骑,11
骒,11
骓,11
骕,11
骖,11
魚,11
鳥,11
鸷,11
鸸,11
鸹,11
鸺,11
鸼,11
鸽,11
鸾,11
鸿,11
鹵,11
鹿,11
麥,11
麸,11
麻,11
龁,11
龚,11
龛,11
偨,11
唾,11
啷,11
埵,11
娷,11
惪,11
捶,11
斌,11
梴,11
烻,11
胔,11
華,11
視,11
郵,11
陲,11
茺,12
荣,12
堲,12
揤,12
笄,12
茖,12
茗,12
茙,12
茛,12
茜,12
茞,12
茠,12
茢,12
茤,12
茥,12
茦,12
茧,12
茨,12
茩,12
茪,12
茬,12
茭,12
茯,12
茱,12
茳,12
茴,12
茵,12
茶,12
茷,12
茹,12
茼,12
茿,12
荀,12
荁,12
荂,12
荃,12
荄,12
荅,12
荇,12
荈,12
草,12
荋,12
荌,12
荍,12
荎,12
荏,12
荐,12
荑,12
荒,12
荔,12
荖,12
迸,12
堵,12
奢,12
媎,12
屠,12
屡,12
帾,12
庾,12
御,12
敝,12
棄,12
疏,12
盛,12
硫,12
統,12
莽,12
赧,12
都,12
镺,12
陼,12
飥,12
黄,12
㱩,12
䇲,12
䖵,12
亵,12
傀,12
傂,12
傃,12
傅,12
傇,12
傋,12
傌,12
傍,12
傎,12
傑,12
傒,12
傔,12
傕,12
傖,12
傘,12
備,12
傚,12
傛,12
傜,12
傝,12
傞,12
傢,12
傣,12
傥,12
傧,12
储,12
傩,12
兟,12
凔,12
凱,12
凿,12
剩,12
割,12
剴,12
創,12
勛,12
勝,12
勞,12
匑,12
匒,12
博,12
厤,12
厥,12
厧,12
厨,12
啻,12
啼,12
啽,12
啾,12
啿,12
喀,12
喁,12
喂,12
喃,12
善,12
喇,12
喈,12
喉,12
喊,12
喋,12
喌,12
喎,12
喏,12
喑,12
喒,12
喓,12
喔,12
喕,12
喘,12
喙,12
喚,12
喜,12
喝,12
喟,12
喡,12
喢,12
喣,12
喤,12
喥,12
喦,12
喧,12
喨,12
喪,12
喫,12
喬,12
喭,12
單,12
喱,12
喲,12
喳,12
喵,12
喷,12
喻,12
喽,12
喾,12
噅,12
圌,12
圍,12
堙,12
堛,12
堜,12
堝,12
堞,12
堠,12
堡,12
堣,12
堤,12
堥,12
堧,12
堨,12
堩,12
堪,12
堬,12
堭,12
堮,12
堯,12
堰,12
報,12
堳,12
場,12
堶,12
堷,12
堸,12
堹,12
堻,12
堿,12
塈,12
壹,12
壺,12
奠,12
奡,12
奥,12
婷,12
婸,12
婺,12
婻,12
婼,12
婽,12
婿,12
媃,12
媄,12
媊,12
媋,12
媌,12
媏,12
媒,12
媓,12
媔,12
媕,12
媗,12
媚,12
媛,12
媜,12
媝,12
媞,12
媟,12
媢,12
媥,12
媦,12
媧,12
媩,12
媪,12
媬,12
媮,12
媯,12
孱,12
寊,12
寋,12
富,12
寍,12
寎,12
寐,12
寑,12
寒,12
寓,12
寔,12
寪,12
尊,12
尋,12
尌,12
尞,12
尰,12
就,12
崱,12
崲,12
崳,12
崴,12
崵,12
崶,12
崷,12
崸,12
崹,12
崺,12
崼,12
崽,12
崿,12
嵀,12
嵁,12
嵂,12
嵃,12
嵅,12
嵇,12
嵉,12
嵋,12
嵌,12
嵎,12
嵐,12
嵑,12
嵒,12
嵕,12
嵘,12
嵙,12
嵚,12
嵝,12
巯,12
巽,12
帽,12
幀,12
幁,12
幃,12
幄,12
幅,12
幾,12
庿,12
廁,12
廂,12
廊,12
弼,12
彘,12
彭,12
徥,12
徦,12
徨,12
復,12
循,12
徫,12
悲,12
悶,12
悹,12
惁,12
惄,12
惉,12
惌,12
惎,12
惑,12
惠,12
惡,12
惢,12
惩,12
惫,12
惰,12
惱,12
惲,12
惴,12
惵,12
惶,12
惸,12
惺,12
惻,12
惼,12
惾,12
惿,12
愀,12
愃,12
愄,12
愅,12
愉,12
愊,12
愋,12
愎,12
愐,12
愒,12
愓,12
愔,12
愕,12
愖,12
愘,12
愜,12
愝,12
愣,12
愤,12
愦,12
慨,12
戟,12
扉,12
扊,12
掌,12
掔,12
掣,12
掰,12
掱,12
掾,12
揀,12
揂,12
揃,12
揄,12
揆,12
揇,12
揈,12
揉,12
揊,12
揋,12
揌,12
揍,12
揎,12
描,12
提,12
插,12
揓,12
揕,12
揖,12
揗,12
揘,12
揙,12
揚,12
換,12
揜,12
揝,12
揟,12
揠,12
握,12
揣,12
揥,12
揨,12
揩,12
揪,12
揭,12
揮,12
揯,12
揰,12
揲,12
揳,12
援,12
揵,12
揶,12
揹,12
揼,12
揽,12
揾,12
揿,12
搀,12
搁,12
搂,12
搅,12
攲,12
敜,12
敞,12
敢,12
散,12
敤,12
敥,12
敦,12
敧,12
敨,12
敪,12
斐,12
斑,12
斝,12
斮,12
斯,12
旐,12
晪,12
晬,12
普,12
景,12
晰,12
晱,12
晲,12
晴,12
晶,12
晷,12
晹,12
智,12
晻,12
晼,12
晾,12
暀,12
暂,12
暑,12
曾,12
替,12
最,12
朁,12
朝,12
期,12
棆,12
棇,12
棈,12
棉,12
棋,12
棌,12
棍,12
棎,12
棐,12
棑,12
棒,12
棓,12
棔,12
棕,12
棖,12
棗,12
棘,12
棚,12
棜,12
棝,12
棞,12
棟,12
棠,12
棡,12
棣,12
棤,12
棦,12
棧,12
棨,12
棩,12
棪,12
棫,12
棬,12
森,12
棯,12
棱,12
棲,12
棳,12
棴,12
棵,12
棶,12
棷,12
棸,12
棹,12
棺,12
棻,12
棼,12
棽,12
椄,12
椅,12
椆,12
椇,12
椈,12
椉,12
椊,12
椋,12
椌,12
植,12
椎,12
椏,12
椐,12
椑,12
椒,12
椓,12
椔,12
椕,12
椗,12
椟,12
椠,12
椤,12
椥,12
椪,12
椭,12
欹,12
欺,12
欻,12
欼,12
欽,12
款,12
欿,12
殔,12
殕,12
殖,12
殗,12
殘,12
殙,12
殚,12
殼,12
殽,12
毯,12
毰,12
毲,12
毳,12
毵,12
氬,12
氮,12
氯,12
氰,12
淼,12
渃,12
渙,12
減,12
渜,12
渝,12
渟,12
渠,12
渡,12
渢,12
渣,12
渤,12
渥,12
渦,12
渧,12
渨,12
渫,12
測,12
渭,12
渮,12
港,12
渰,12
渱,12
渲,12
渳,12
渴,12
渵,12
渶,12
游,12
渹,12
渺,12
渻,12
渼,12
渽,12
渾,12
渿,12
湀,12
湁,12
湃,12
湄,12
湅,12
湆,12
湇,12
湉,12
湊,12
湋,12
湍,12
湎,12
湑,12
湒,12
湓,12
湔,12
湕,12
湖,12
湘,12
湚,12
湛,12
湜,12
湝,12
湞,12
湟,12
湠,12
湡,12
湢,12
湣,12
湤,12
湥,12
湦,12
湧,12
湨,12
湩,12
湫,12
湮,12
湯,12
湱,12
湲,12
湳,12
湷,12
湸,12
湹,12
湾,12
湿,12
溃,12
溅,12
溆,12
溈,12
溉,12
滋,12
滞,12
焙,12
焚,12
焛,12
焜,12
焞,12
焟,12
焠,12
無,12
焢,12
焣,12
焥,12
焦,12
焨,12
焮,12
焯,12
焰,12
焱,12
焲,12
然,12
焺,12
煮,12
牋,12
牌,12
牍,12
牚,12
犀,12
犄,12
犅,12
犆,12
犇,12
犈,12
犉,12
犊,12
犋,12
猋,12
猌,12
猒,12
猢,12
猣,12
猥,12
猦,12
猧,12
猨,12
猩,12
猭,12
猰,12
猱,12
猲,12
猳,12
猴,12
猵,12
猶,12
琖,12
琚,12
琛,12
琝,12
琠,12
琡,12
琢,12
琣,12
琤,12
琥,12
琦,12
琨,12
琩,12
琪,12
琫,12
琬,12
琭,12
琮,12
琯,12
琰,12
琱,12
琲,12
琳,12
琴,12
琵,12
琶,12
琺,12
琼,12
瓻,12
甥,12
甦,12
甯,12
番,12
畫,12
畬,12
畯,12
畴,12
痗,12
痘,12
痙,12
痚,12
痛,12
痝,12
痞,12
痟,12
痠,12
痡,12
痢,12
痣,12
痤,12
痦,12
痧,12
痨,12
痪,12
痫,12
登,12
發,12
皒,12
皓,12
皕,12
皖,12
皴,12
盚,12
盜,12
睄,12
睅,12
睆,12
睇,12
睊,12
睋,12
睌,12
睍,12
睎,12
睏,12
睐,12
睑,12
矞,12
矬,12
短,12
硜,12
硝,12
硞,12
硠,12
硢,12
硤,12
硥,12
硨,12
硩,12
硪,12
硬,12
硭,12
确,12
硯,12
硰,12
硱,12
硷,12
祰,12
祲,12
祳,12
祴,12
祷,12
祸,12
禄,12
稀,12
稂,12
稃,12
稄,12
稅,12
稈,12
稊,12
程,12
稌,12
稍,12
税,12
窖,12
窗,12
窘,12
窙,12
窜,12
窝,12
竣,12
竤,12
童,12
竦,12
筀,12
筄,12
筅,12
筆,12
筇,12
筈,12
等,12
筊,12
筋,12
筌,12
筍,12
筎,12
筏,12
筐,12
筑,12
筒,12
答,12
策,12
筘,12
筚,12
筛,12
筜,12
筝,12
粞,12
粟,12
粡,12
粢,12
粥,12
粧,12
粨,12
粪,12
紫,12
絎,12
絏,12
結,12
絑,12
絒,12
絓,12
絔,12
絕,12
絖,12
絘,12
絜,12
絞,12
絟,12
絡,12
絢,12
絣,12
給,12
絧,12
絨,12
絩,12
絪,12
絫,12
絭,12
絮,12
絯,12
絰,12
絲,12
絳,12
絷,12
缂,12
缃,12
缄,12
缅,12
缆,12
缇,12
缈,12
缉,12
缊,12
缋,12
缌,12
缍,12
缎,12
缏,12
缑,12
缒,12
缓,12
缔,12
缕,12
编,12
缗,12
缘,12
缾,12
缿,12
罥,12
罦,12
羠,12
羡,12
羢,12
翔,12
翕,12
翗,12
翘,12
耋,12
聏,12
聐,12
聑,12
聒,12
联,12
胾,12
脔,12
脹,12
脺,12
脽,12
脾,12
腃,12
腆,12
腇,12
腊,12
腋,12
腌,12
腍,12
腎,12
腏,12
腑,12
腒,12
腓,12
腔,12
腕,12
臦,12
臮,12
臷,12
臸,12
舄,12
舒,12
舜,12
舼,12
舽,12
舿,12
茻,12
荙,12
荚,12
荛,12
荜,12
荞,12
荟,12
荠,12
荡,12
荤,12
荥,12
荦,12
荧,12
荨,12
荩,12
荪,12
荫,12
荭,12
药,12
菇,12
菠,12
菽,12
萄,12
虛,12
蛐,12
蛑,12
蛓,12
蛔,12
蛗,12
蛘,12
蛙,12
蛚,12
蛛,12
蛜,12
蛝,12
蛞,12
蛟,12
蛢,12
蛣,12
蛤,12
蛦,12
蛨,12
蛩,12
蛪,12
蛫,12
蛬,12
蛭,12
蛰,12
蛱,12
蛲,12
蛳,12
蛴,12
衈,12
衕,12
衖,12
街,12
袯,12
袱,12
袲,12
袶,12
袷,12
袸,12
袹,12
袺,12
袼,12
袽,12
袾,12
裀,12
裁,12
裂,12
装,12
裆,12
裈,12
裉,12
覃,12
覕,12
覗,12
覘,12
觌,12
觚,12
觛,12
觝,12
觞,12
訴,12
訶,12
訹,12
診,12
註,12
証,12
詀,12
詁,12
詄,12
詅,12
詆,12
詈,12
詊,12
詌,12
詍,12
詎,12
詏,12
詐,12
詑,12
詒,12
詔,12
評,12
詖,12
詗,12
詘,12
詙,12
詛,12
詞,12
詠,12
谟,12
谠,12
谡,12
谢,12
谣,12
谤,12
谥,12
谦,12
谧,12
豟,12
象,12
貀,12
貁,12
貂,12
貯,12
貰,12
貳,12
貴,12
貵,12
貶,12
買,12
貸,12
貹,12
貺,12
費,12
貼,12
貽,12
貾,12
貿,12
賀,12
賁,12
赋,12
赌,12
赍,12
赎,12
赏,12
赐,12
赑,12
赒,12
赓,12
赔,12
赕,12
趀,12
趁,12
趄,12
超,12
趉,12
越,12
趋,12
跅,12
跆,12
跇,12
跈,12
跋,12
跌,12
跍,12
跎,12
跏,12
跑,12
跓,12
跕,12
跖,12
跗,12
跘,12
跙,12
跚,12
跛,12
跜,12
距,12
跞,12
践,12
軥,12
軦,12
軧,12
軨,12
軩,12
軫,12
軬,12
軮,12
軯,12
軱,12
軴,12
軵,12
軶,12
軷,12
軸,12
軹,12
軺,12
軻,12
軼,12
辇,12
辈,12
辊,12
辋,12
辌,12
辍,12
辎,12
辜,12
逭,12
逮,12
逯,12
週,12
進,12
逴,12
逵,12
逶,12
逸,12
逻,12
郹,12
郻,12
郼,12
郾,12
郿,12
鄀,12
鄁,12
鄂,12
鄃,12
鄄,12
鄅,12
鄆,12
鄇,12
鄈,12
鄉,12
酟,12
酠,12
酡,12
酢,12
酣,12
酤,12
酥,12
释,12
量,12
釽,12
釿,12
鈀,12
鈁,12
鈂,12
鈃,12
鈄,12
鈅,12
鈆,12
鈇,12
鈉,12
鈊,12
鈌,12
鈍,12
鈏,12
鈐,12
鈑,12
鈒,12
鈔,12
鈕,12
鈖,12
鈗,12
鈙,12
鈚,12
鈜,12
鈞,12
鈣,12
鈤,12
鈥,12
鈦,12
鈧,12
铸,12
铹,12
铺,12
铻,12
铼,12
铽,12
链,12
铿,12
销,12
锁,12
锂,12
锄,12
锅,12
锆,12
锇,12
锈,12
锉,12
锊,12
锋,12
锌,12
锐,12
锑,12
锒,12
锓,12
锔,12
锕,12
開,12
閌,12
閍,12
閎,12
閏,12
閐,12
閑,12
閒,12
間,12
閔,12
阑,12
阒,12
阓,12
阔,12
阕,12
陽,12
陾,12
隀,12
隃,12
隄,12
隅,12
隆,12
隇,12
隈,12
隉,12
隊,12
隋,12
隍,12
階,12
隐,12
雁,12
雂,12
雃,12
雄,12
雅,12
集,12
雇,12
雈,12
雯,12
雰,12
雱,12
雲,12
雳,12
靓,12
靬,12
靮,12
靰,12
韌,12
韩,12
項,12
順,12
頇,12
須,12
颉,12
颊,12
颋,12
颌,12
颍,12
颎,12
颏,12
颩,12
飓,12
飧,12
飨,12
馈,12
馊,12
馋,12
馭,12
馮,12
骗,12
骘,12
骙,12
骚,12
骛,12
鱿,12
鲀,12
鲁,12
鲂,12
鳦,12
鹁,12
鹂,12
鹃,12
鹄,12
鹅,12
鹆,12
鹇,12
鹈,12
黃,12
黍,12
黑,12
黹,12
鼋,12
龂,12
晸,12
棰,12
猷,12
腄,12
虜,12
訾,12
訿,12
貲,12
跐,12
釉,12
随,12
馱,12
楖,13
荳,13
荴,13
荵,13
荶,13
荷,13
荸,13
荺,13
荻,13
荼,13
荽,13
荾,13
荿,13
莁,13
莃,13
莆,13
莇,13
莈,13
莋,13
莌,13
莍,13
莏,13
莐,13
莒,13
莓,13
莔,13
莕,13
莖,13
莗,13
莘,13
莙,13
莛,13
莝,13
莞,13
莠,13
莢,13
莣,13
莤,13
莥,13
莦,13
莧,13
莨,13
莩,13
莪,13
莮,13
莯,13
莰,13
获,13
莹,13
趼,13
孳,13
嵫,13
斞,13
旒,13
楮,13
楰,13
肅,13
腴,13
臹,13
莚,13
裗,13
镻,13
飩,13
飪,13
飫,13
飭,13
飯,13
飲,13
㝨,13
䩄,13
亂,13
亃,13
亄,13
亶,13
催,13
傭,13
傮,13
傯,13
傰,13
傱,13
傲,13
傳,13
傴,13
債,13
傶,13
傷,13
傸,13
傺,13
傻,13
傽,13
傾,13
傿,13
僁,13
僂,13
僄,13
僅,13
僆,13
僇,13
僈,13
僉,13
僊,13
僋,13
凗,13
剷,13
剸,13
剺,13
剻,13
剼,13
剽,13
剿,13
募,13
勠,13
勢,13
勣,13
勤,13
勦,13
匯,13
叠,13
喍,13
喿,13
嗀,13
嗂,13
嗃,13
嗄,13
嗅,13
嗆,13
嗇,13
嗈,13
嗉,13
嗊,13
嗋,13
嗌,13
嗍,13
嗎,13
嗏,13
嗐,13
嗑,13
嗒,13
嗓,13
嗔,13
嗕,13
嗖,13
嗙,13
嗚,13
嗛,13
嗜,13
嗝,13
嗟,13
嗡,13
嗢,13
嗣,13
嗤,13
嗥,13
嗦,13
嗨,13
嗩,13
嗫,13
嗯,13
嗲,13
嗳,13
園,13
圓,13
圔,13
堽,13
塉,13
塊,13
塋,13
塌,13
塍,13
塎,13
塏,13
塑,13
塒,13
塓,13
塔,13
塕,13
塗,13
塘,13
塙,13
塚,13
塛,13
塝,13
塞,13
塢,13
塣,13
塤,13
塥,13
塨,13
填,13
塭,13
塯,13
塱,13
壼,13
奧,13
媐,13
媰,13
媱,13
媲,13
媳,13
媴,13
媵,13
媶,13
媷,13
媸,13
媹,13
媺,13
媻,13
媼,13
媽,13
媾,13
媿,13
嫀,13
嫁,13
嫂,13
嫄,13
嫆,13
嫇,13
嫈,13
嫉,13
嫊,13
嫋,13
嫌,13
嫍,13
嫒,13
嫔,13
寖,13
寘,13
寙,13
寝,13
尟,13
尳,13
尴,13
嵊,13
嵞,13
嵢,13
嵣,13
嵥,13
嵧,13
嵨,13
嵩,13
嵬,13
嵯,13
嵱,13
嵲,13
巰,13
幊,13
幋,13
幌,13
幍,13
幎,13
幏,13
幹,13
廅,13
廆,13
廇,13
廈,13
廉,13
廋,13
廌,13
弒,13
彀,13
彙,13
徬,13
徭,13
微,13
徯,13
想,13
惷,13
惹,13
愁,13
愆,13
愈,13
愍,13
意,13
愚,13
愛,13
感,13
愧,13
愩,13
愫,13
愮,13
愯,13
愲,13
愴,13
愶,13
愷,13
愾,13
慀,13
慄,13
慅,13
慆,13
慉,13
慊,13
慌,13
慍,13
慎,13
慏,13
慑,13
戠,13
戡,13
戢,13
戣,13
戤,13
戥,13
揧,13
揫,13
揱,13
搆,13
搉,13
搊,13
搋,13
搌,13
損,13
搎,13
搏,13
搐,13
搒,13
搓,13
搔,13
搕,13
搖,13
搗,13
搘,13
搚,13
搛,13
搜,13
搞,13
搟,13
搠,13
搡,13
搢,13
搣,13
搤,13
搥,13
搦,13
搧,13
搨,13
搪,13
搬,13
搭,13
搮,13
搯,13
搰,13
搳,13
搵,13
搶,13
搷,13
搹,13
搽,13
搾,13
摀,13
摁,13
摃,13
摄,13
摅,13
摆,13
摇,13
摈,13
摊,13
敬,13
敯,13
数,13
斒,13
斟,13
新,13
旓,13
暄,13
暆,13
暇,13
暈,13
暉,13
暊,13
暋,13
暌,13
暍,13
暐,13
暔,13
暕,13
暖,13
暗,13
暘,13
暙,13
會,13
朠,13
朡,13
椯,13
椰,13
椲,13
椳,13
椴,13
椵,13
椷,13
椸,13
椹,13
椻,13
椼,13
椽,13
椿,13
楀,13
楁,13
楂,13
楄,13
楅,13
楈,13
楉,13
楊,13
楋,13
楌,13
楎,13
楏,13
楑,13
楒,13
楓,13
楔,13
楗,13
楘,13
楙,13
楚,13
楛,13
楜,13
楝,13
楞,13
楟,13
楠,13
楢,13
楣,13
楥,13
楦,13
楨,13
楩,13
楪,13
楫,13
楬,13
業,13
楯,13
楱,13
楴,13
極,13
楶,13
楷,13
楸,13
楹,13
楺,13
楻,13
楼,13
概,13
榃,13
榄,13
榆,13
榇,13
榈,13
榉,13
榔,13
歁,13
歂,13
歃,13
歅,13
歆,13
歇,13
歈,13
歲,13
殛,13
殿,13
毀,13
毁,13
毂,13
毓,13
毷,13
毸,13
毹,13
毻,13
毼,13
毽,13
溍,13
溎,13
溏,13
源,13
溒,13
溓,13
溔,13
準,13
溗,13
溘,13
溙,13
溛,13
溜,13
溝,13
溞,13
溟,13
溠,13
溡,13
溢,13
溣,13
溤,13
溥,13
溦,13
溧,13
溪,13
溫,13
溮,13
溯,13
溰,13
溱,13
溲,13
溳,13
溴,13
溶,13
溷,13
溹,13
溺,13
溼,13
溽,13
溾,13
溿,13
滀,13
滁,13
滂,13
滃,13
滄,13
滅,13
滆,13
滇,13
滈,13
滉,13
滊,13
滍,13
滏,13
滐,13
滑,13
滒,13
滓,13
滔,13
滖,13
滘,13
滜,13
滠,13
满,13
滢,13
滤,13
滥,13
滦,13
滨,13
滩,13
滪,13
煁,13
煂,13
煃,13
煄,13
煆,13
煇,13
煉,13
煋,13
煌,13
煍,13
煎,13
煐,13
煒,13
煓,13
煔,13
煖,13
煘,13
煙,13
煚,13
煜,13
煝,13
煞,13
煟,13
煠,13
煡,13
煢,13
煣,13
煤,13
煥,13
煦,13
照,13
煨,13
煩,13
煪,13
煬,13
煰,13
煲,13
煴,13
煸,13
爺,13
牏,13
牒,13
犌,13
犍,13
犎,13
犐,13
犑,13
猺,13
猻,13
猼,13
猾,13
猿,13
獀,13
獂,13
獅,13
獉,13
獊,13
琿,13
瑀,13
瑁,13
瑂,13
瑄,13
瑆,13
瑊,13
瑋,13
瑍,13
瑎,13
瑏,13
瑐,13
瑑,13
瑒,13
瑔,13
瑕,13
瑗,13
瑙,13
瑚,13
瑛,13
瑜,13
瑞,13
瑟,13
瓡,13
瓽,13
瓾,13
瓿,13
甝,13
當,13
畷,13
畸,13
畹,13
畺,13
痭,13
痯,13
痰,13
痱,13
痲,13
痳,13
痴,13
痵,13
痶,13
痷,13
痸,13
痹,13
痺,13
痻,13
痼,13
痽,13
痾,13
痿,13
瘀,13
瘁,13
瘃,13
瘅,13
皙,13
皵,13
盝,13
盞,13
盟,13
睒,13
睔,13
睕,13
睖,13
睘,13
睙,13
睚,13
睛,13
睜,13
睞,13
睟,13
睠,13
睢,13
督,13
睥,13
睦,13
睧,13
睨,13
睩,13
睪,13
睫,13
睬,13
睭,13
矠,13
矮,13
硹,13
硻,13
硼,13
硿,13
碀,13
碁,13
碃,13
碄,13
碅,13
碆,13
碇,13
碉,13
碌,13
碎,13
碏,13
碑,13
碓,13
碔,13
碕,13
碖,13
碗,13
碘,13
碙,13
碚,13
碛,13
碜,13
祹,13
祺,13
祼,13
祽,13
祿,13
禁,13
禂,13
禅,13
禽,13
稐,13
稑,13
稒,13
稓,13
稔,13
稕,13
稗,13
稘,13
稙,13
稚,13
稛,13
稜,13
稞,13
稟,13
稠,13
稢,13
稣,13
窞,13
窟,13
窠,13
窢,13
窣,13
窥,13
窦,13
竫,13
筠,13
筡,13
筣,13
筤,13
筥,13
筦,13
筧,13
筩,13
筭,13
筮,13
筰,13
筱,13
筲,13
筳,13
筴,13
筶,13
筷,13
筸,13
筹,13
筼,13
签,13
简,13
節,13
粮,13
粯,13
粱,13
粲,13
粳,13
粴,13
粵,13
絛,13
絹,13
絺,13
絻,13
絼,13
絽,13
絿,13
綀,13
綁,13
綃,13
綄,13
綅,13
綆,13
綈,13
綌,13
綍,13
綎,13
綏,13
綑,13
綒,13
經,13
綔,13
缙,13
缚,13
缛,13
缜,13
缝,13
缞,13
缟,13
缠,13
缡,13
缢,13
缣,13
缤,13
罧,13
罨,13
罩,13
罪,13
罫,13
罬,13
罭,13
置,13
署,13
群,13
羥,13
羦,13
羧,13
羨,13
義,13
翛,13
翜,13
耡,13
聖,13
聘,13
肄,13
肆,13
腛,13
腜,13
腞,13
腠,13
腡,13
腢,13
腤,13
腥,13
腦,13
腧,13
腩,13
腫,13
腮,13
腯,13
腰,13
腱,13
腲,13
腳,13
腶,13
腷,13
腸,13
腹,13
腺,13
腻,13
腼,13
腽,13
腾,13
舅,13
舝,13
艀,13
艂,13
艄,13
艅,13
艇,13
艉,13
莱,13
莲,13
莳,13
莴,13
莶,13
莸,13
莺,13
莼,13
萬,13
葡,13
董,13
蒂,13
虞,13
號,13
蛖,13
蛵,13
蛶,13
蛷,13
蛸,13
蛹,13
蛺,13
蛻,13
蛾,13
蜀,13
蜁,13
蜂,13
蜃,13
蜄,13
蜅,13
蜆,13
蜇,13
蜈,13
蜉,13
蜊,13
蜋,13
蜌,13
蜍,13
蜎,13
蜓,13
蜕,13
蜗,13
衙,13
裊,13
裋,13
裌,13
裍,13
裎,13
裏,13
裐,13
裒,13
裔,13
裕,13
裖,13
裘,13
裙,13
裚,13
裛,13
補,13
裝,13
裞,13
裟,13
裡,13
裢,13
裣,13
裤,13
覅,13
覛,13
覜,13
觎,13
觜,13
觟,13
觠,13
觡,13
觢,13
解,13
觤,13
觥,13
触,13
詡,13
詢,13
詣,13
試,13
詨,13
詩,13
詫,13
詬,13
詭,13
詮,13
詰,13
話,13
該,13
詳,13
詴,13
詵,13
詶,13
詷,13
詹,13
詺,13
詻,13
詼,13
詿,13
誁,13
誂,13
誃,13
誄,13
誅,13
誆,13
誇,13
誉,13
誊,13
谨,13
谩,13
谪,13
谫,13
谬,13
谼,13
豊,13
豋,13
豢,13
豤,13
豥,13
豦,13
貄,13
貅,13
貆,13
貉,13
貊,13
賂,13
賃,13
賄,13
賅,13
資,13
賈,13
賊,13
賌,13
赖,13
赗,13
赨,13
赩,13
赪,13
趌,13
趍,13
趎,13
趏,13
趐,13
趑,13
趒,13
趓,13
趔,13
跟,13
跠,13
跡,13
跢,13
跣,13
跤,13
跦,13
跧,13
跨,13
跩,13
跪,13
跫,13
跬,13
跮,13
路,13
跰,13
跱,13
跲,13
跳,13
跴,13
跶,13
跷,13
跸,13
跹,13
跺,13
跻,13
躲,13
軾,13
軿,13
輀,13
輁,13
輂,13
較,13
輅,13
輆,13
輇,13
輈,13
載,13
輊,13
輋,13
辏,13
辐,13
辑,13
辒,13
输,13
辔,13
辟,13
農,13
逼,13
逽,13
逾,13
逿,13
遁,13
遂,13
遄,13
遇,13
遉,13
遊,13
運,13
遍,13
過,13
遏,13
遐,13
遑,13
遒,13
道,13
達,13
違,13
遗,13
鄋,13
鄍,13
鄎,13
鄏,13
鄐,13
鄑,13
鄒,13
鄔,13
鄖,13
鄗,13
酦,13
酨,13
酩,13
酪,13
酬,13
酮,13
酯,13
酰,13
酱,13
鈮,13
鈰,13
鈱,13
鈲,13
鈳,13
鈴,13
鈶,13
鈷,13
鈸,13
鈹,13
鈺,13
鈽,13
鈾,13
鈿,13
鉀,13
鉅,13
鉆,13
鉈,13
鉉,13
鉊,13
鉋,13
鉌,13
鉍,13
鉎,13
鉏,13
鉐,13
鉑,13
鉒,13
鉓,13
鉔,13
鉖,13
鉗,13
鉚,13
鉛,13
鉞,13
鉠,13
鉡,13
鉣,13
鉤,13
鉥,13
鉦,13
鉧,13
鉬,13
鉭,13
鉯,13
鉰,13
鉲,13
鉴,13
锖,13
锗,13
错,13
锚,13
锛,13
锜,13
锞,13
锟,13
锠,13
锡,13
锢,13
锣,13
锤,13
锥,13
锦,13
锧,13
锨,13
锩,13
锬,13
锭,13
键,13
锯,13
锰,13
锱,13
閘,13
閛,13
閜,13
閞,13
閟,13
阖,13
阗,13
阘,13
阙,13
隑,13
隒,13
隓,13
隔,13
隕,13
隗,13
隘,13
雉,13
雊,13
雋,13
雍,13
雎,13
雏,13
雵,13
零,13
雷,13
雸,13
雹,13
雺,13
電,13
雽,13
雾,13
靖,13
靲,13
靳,13
靴,13
靶,13
靷,13
靸,13
韪,13
韫,13
頊,13
頌,13
頍,13
頎,13
頏,13
預,13
頑,13
頒,13
頓,13
顼,13
颐,13
频,13
颓,13
颔,13
颖,13
颬,13
飔,13
飖,13
馌,13
馍,13
馎,13
馏,13
馐,13
馯,13
馰,13
馲,13
馳,13
馴,13
馵,13
骜,13
骝,13
骞,13
骟,13
骫,13
骭,13
髡,13
魛,13
鲄,13
鲇,13
鲈,13
鲊,13
鲋,13
鲍,13
鲎,13
鲐,13
鳧,13
鳩,13
鳪,13
鳭,13
鹉,13
鹊,13
鹌,13
鹎,13
鹏,13
鹑,13
鹒,13
鹓,13
鹔,13
麀,13
麂,13
黽,13
鼎,13
鼓,13
鼠,13
龃,13
龄,13
龅,13
龆,13
䢅,13
漓,13
獃,13
甀,13
睡,13
筵,13
綖,13
蒚,13
蜑,13
蜒,13
蝆,13
鈭,13
隙,13
雌,13
嗀,13
荓,14
廄,14
摒,14
摡,14
艵,14
莿,14
菀,14
菁,14
菂,14
菃,14
菄,14
菅,14
菆,14
菈,14
菉,14
菊,14
菋,14
菌,14
菎,14
菏,14
菑,14
菔,14
菕,14
菖,14
菗,14
菘,14
菛,14
菜,14
菝,14
菞,14
菟,14
菡,14
菢,14
菣,14
菤,14
菥,14
菧,14
菨,14
菩,14
菪,14
菫,14
菬,14
菮,14
菰,14
菱,14
菲,14
菳,14
菴,14
菵,14
菶,14
菸,14
菹,14
菺,14
菻,14
菼,14
菾,14
菿,14
萁,14
萃,14
萆,14
萇,14
萉,14
萊,14
萋,14
萌,14
萍,14
萎,14
萏,14
萐,14
萑,14
萒,14
萓,14
萛,14
萣,14
著,14
褁,14
慈,14
氲,14
滚,14
瑯,14
瘏,14
瘐,14
睹,14
碡,14
碰,14
菙,14
誠,14
銃,14
飴,14
飶,14
飹,14
飼,14
飽,14
飾,14
㬎,14
䁖,14
䌽,14
䓕,14
僎,14
像,14
僑,14
僓,14
僔,14
僕,14
僖,14
僗,14
僚,14
僛,14
僝,14
僠,14
僣,14
僤,14
僥,14
僦,14
僧,14
僨,14
僩,14
僪,14
僬,14
僭,14
僮,14
僯,14
僰,14
僱,14
僳,14
兢,14
凘,14
凳,14
劀,14
劁,14
劂,14
劃,14
劄,14
勩,14
勫,14
匰,14
匱,14
厬,14
厭,14
嗶,14
嗷,14
嗹,14
嗺,14
嗼,14
嗽,14
嗾,14
嗿,14
嘀,14
嘁,14
嘂,14
嘄,14
嘆,14
嘈,14
嘉,14
嘌,14
嘍,14
嘎,14
嘏,14
嘐,14
嘒,14
嘓,14
嘔,14
嘕,14
嘖,14
嘗,14
嘛,14
嘜,14
嘝,14
嘢,14
嘤,14
嘥,14
嘧,14
圖,14
團,14
塴,14
塵,14
塶,14
塹,14
塺,14
塻,14
塼,14
塽,14
塾,14
塿,14
墁,14
墂,14
境,14
墅,14
墆,14
墇,14
墈,14
墉,14
墊,14
墋,14
墎,14
墏,14
墐,14
墑,14
墓,14
墔,14
墘,14
墙,14
壽,14
壾,14
夢,14
夤,14
夥,14
奩,14
奪,14
奫,14
嫕,14
嫖,14
嫗,14
嫘,14
嫙,14
嫚,14
嫛,14
嫜,14
嫝,14
嫞,14
嫟,14
嫠,14
嫡,14
嫢,14
嫣,14
嫥,14
嫦,14
嫨,14
嫩,14
嫪,14
嫫,14
嫬,14
嫭,14
嫮,14
嫱,14
孵,14
孷,14
寞,14
察,14
寠,14
寡,14
寢,14
寣,14
寤,14
寥,14
實,14
寧,14
寨,14
對,14
屢,14
屣,14
嵷,14
嵹,14
嵺,14
嵼,14
嵽,14
嵾,14
嵿,14
嶀,14
嶁,14
嶂,14
嶄,14
嶆,14
嶇,14
嶈,14
嶉,14
嶊,14
嶍,14
幓,14
幔,14
幕,14
幗,14
幘,14
幙,14
幛,14
廎,14
廑,14
廒,14
廓,14
廔,14
廕,14
廖,14
廗,14
廘,14
彃,14
彄,14
彯,14
彰,14
愨,14
愬,14
愻,14
愿,14
慁,14
慇,14
態,14
慒,14
慓,14
慔,14
慖,14
慘,14
慚,14
慛,14
慞,14
慟,14
慡,14
慢,14
慣,14
慥,14
慪,14
慬,14
慱,14
慲,14
慳,14
慴,14
慵,14
慷,14
慺,14
憀,14
戧,14
戩,14
截,14
戫,14
戬,14
搫,14
搴,14
搿,14
摋,14
摍,14
摎,14
摐,14
摑,14
摓,14
摔,14
摘,14
摙,14
摛,14
摜,14
摝,14
摞,14
摟,14
摠,14
摥,14
摦,14
摧,14
摫,14
摬,14
摭,14
摲,14
摳,14
摴,14
摵,14
摶,14
摷,14
摸,14
摺,14
摻,14
摽,14
摿,14
撂,14
撄,14
敲,14
敳,14
斠,14
斡,14
旖,14
旗,14
暝,14
暟,14
暠,14
暡,14
暢,14
暧,14
暨,14
朄,14
朅,14
朢,14
榍,14
榎,14
榐,14
榑,14
榓,14
榕,14
榖,14
榗,14
榙,14
榚,14
榛,14
榜,14
榞,14
榠,14
榡,14
榣,14
榤,14
榥,14
榦,14
榧,14
榨,14
榩,14
榪,14
榫,14
榬,14
榭,14
榮,14
榯,14
榰,14
榱,14
榳,14
榴,14
榵,14
榶,14
榷,14
榹,14
榻,14
榼,14
榽,14
榾,14
榿,14
槁,14
槂,14
槃,14
槄,14
槆,14
槉,14
槊,14
構,14
槌,14
槍,14
槎,14
槏,14
槐,14
槓,14
槔,14
槙,14
槚,14
槛,14
槟,14
槠,14
歉,14
歊,14
歋,14
歌,14
歍,14
殞,14
殟,14
殠,14
殡,14
毃,14
毄,14
毾,14
氳,14
滌,14
滎,14
滫,14
滬,14
滭,14
滮,14
滯,14
滱,14
滲,14
滴,14
滵,14
滶,14
滷,14
滸,14
滹,14
滻,14
滼,14
滽,14
滾,14
滿,14
漁,14
漂,14
漃,14
漅,14
漆,14
漇,14
漈,14
漉,14
漊,14
漍,14
漎,14
漏,14
漒,14
演,14
漕,14
漘,14
漙,14
漚,14
漜,14
漞,14
漟,14
漠,14
漡,14
漢,14
漣,14
漥,14
漧,14
漩,14
漪,14
漫,14
漬,14
漭,14
漮,14
漯,14
漰,14
漱,14
漲,14
漳,14
漵,14
漶,14
漷,14
漸,14
漹,14
漺,14
漻,14
漼,14
漾,14
潀,14
潃,14
潇,14
潋,14
潍,14
煻,14
煽,14
熀,14
熁,14
熂,14
熄,14
熅,14
熆,14
熇,14
熉,14
熊,14
熏,14
熐,14
熒,14
熔,14
熗,14
熙,14
爾,14
牄,14
牓,14
犒,14
犓,14
犕,14
犖,14
犗,14
獄,14
獌,14
獍,14
獐,14
獑,14
瑢,14
瑣,14
瑤,14
瑧,14
瑪,14
瑭,14
瑮,14
瑰,14
瑱,14
瑲,14
瑳,14
瑵,14
瑶,14
瑷,14
甂,14
甃,14
甄,14
畼,14
畽,14
疐,14
疑,14
瘈,14
瘉,14
瘊,14
瘋,14
瘌,14
瘍,14
瘑,14
瘓,14
瘔,14
瘕,14
瘖,14
瘗,14
瘘,14
皸,14
盡,14
監,14
睮,14
睯,14
睼,14
睽,14
睾,14
睿,14
瞀,14
瞁,14
瞂,14
瞃,14
瞄,14
瞅,14
瞆,14
硾,14
碞,14
碟,14
碠,14
碢,14
碣,14
碤,14
碥,14
碧,14
碨,14
碩,14
碪,14
碫,14
碬,14
碭,14
碱,14
碲,14
碳,14
碴,14
磁,14
禈,14
禊,14
禋,14
禍,14
禎,14
福,14
禐,14
禒,14
禓,14
禔,14
禕,14
禖,14
禗,14
禘,14
稦,14
稨,14
稫,14
種,14
稯,14
稰,14
稱,14
稳,14
窨,14
窩,14
窪,14
窫,14
窬,14
窭,14
竭,14
端,14
箂,14
箄,14
箅,14
箇,14
箈,14
箊,14
箋,14
箌,14
箍,14
箎,14
箏,14
箐,14
箑,14
箔,14
箕,14
箖,14
算,14
箘,14
箙,14
箛,14
箜,14
箝,14
管,14
箤,14
箦,14
箧,14
箨,14
箩,14
箪,14
箫,14
粹,14
粺,14
粻,14
粼,14
粽,14
精,14
粿,14
糁,14
綜,14
綝,14
綟,14
綠,14
綡,14
綢,14
綣,14
綦,14
綧,14
綩,14
綪,14
綬,14
維,14
綮,14
綯,14
綰,14
綱,14
網,14
綴,14
綵,14
綷,14
綸,14
綹,14
綺,14
綻,14
綼,14
綽,14
綾,14
綿,14
緀,14
緁,14
緂,14
緄,14
緅,14
緆,14
緇,14
緉,14
緊,14
緋,14
緌,14
緎,14
緒,14
缥,14
缦,14
缧,14
缨,14
缩,14
缪,14
缫,14
罂,14
罰,14
罳,14
罴,14
翞,14
翟,14
翠,14
翡,14
翢,14
翣,14
耤,14
聚,14
聜,14
聝,14
聞,14
肇,14
腐,14
腿,14
膀,14
膂,14
膃,14
膆,14
膇,14
膈,14
膉,14
膊,14
膋,14
膌,14
膍,14
膏,14
膑,14
臧,14
臺,14
與,14
舔,14
舕,14
舞,14
艋,14
萝,14
萤,14
营,14
萦,14
萧,14
萨,14
蒜,14
蒲,14
蒼,14
蒿,14
虡,14
蜘,14
蜙,14
蜚,14
蜛,14
蜜,14
蜞,14
蜠,14
蜡,14
蜢,14
蜣,14
蜤,14
蜥,14
蜦,14
蜧,14
蜨,14
蜩,14
蜪,14
蜬,14
蜭,14
蜮,14
蜰,14
蜱,14
蜲,14
蜳,14
蜴,14
蜵,14
蜷,14
蜸,14
蜺,14
蜻,14
蜼,14
蜾,14
蜿,14
蝀,14
蝁,14
蝂,14
蝃,14
蝇,14
蝈,14
蝉,14
裧,14
裨,14
裫,14
裬,14
裮,14
裯,14
裰,14
裱,14
裲,14
裳,14
裴,14
裶,14
裷,14
裸,14
裹,14
裺,14
裻,14
裼,14
製,14
裾,14
褂,14
覝,14
覞,14
覟,14
覡,14
觏,14
觨,14
觩,14
觫,14
誋,14
誌,14
認,14
誏,14
誑,14
誒,14
誓,14
誖,14
誘,14
誙,14
誚,14
語,14
誡,14
誣,14
誤,14
誥,14
誦,14
誧,14
誨,14
誩,14
說,14
誫,14
説,14
谭,14
谮,14
谯,14
谰,14
谱,14
谲,14
谽,14
豨,14
豩,14
豪,14
貌,14
貍,14
賏,14
賑,14
賒,14
賓,14
賕,14
賗,14
赘,14
赙,14
赚,14
赛,14
赫,14
趕,14
趖,14
趙,14
跼,14
跽,14
跾,14
跿,14
踀,14
踂,14
踃,14
踄,14
踅,14
踆,14
踇,14
踉,14
踊,14
踌,14
踍,14
輍,14
輎,14
輐,14
輑,14
輒,14
輓,14
輔,14
輕,14
辕,14
辖,14
辗,14
辣,14
遘,14
遙,14
遛,14
遜,14
遝,14
遞,14
遠,14
遢,14
遣,14
遥,14
鄘,14
鄙,14
鄚,14
鄛,14
鄜,14
鄝,14
鄞,14
鄟,14
鄠,14
鄡,14
鄢,14
鄣,14
鄤,14
酲,14
酳,14
酴,14
酵,14
酷,14
酸,14
酹,14
酺,14
酽,14
酾,14
酿,14
鉶,14
鉸,14
鉹,14
鉺,14
鉻,14
鉽,14
鉾,14
鉿,14
銀,14
銂,14
銅,14
銆,14
銇,14
銈,14
銊,14
銋,14
銌,14
銍,14
銎,14
銑,14
銓,14
銔,14
銕,14
銖,14
銗,14
銘,14
銙,14
銚,14
銛,14
銜,14
銝,14
銠,14
銡,14
銢,14
銣,14
銤,14
銥,14
銦,14
銧,14
銨,14
銩,14
銪,14
銫,14
銬,14
銮,14
锲,14
锴,14
锵,14
锶,14
锷,14
锸,14
锹,14
锺,14
锻,14
锼,14
锽,14
锾,14
镀,14
镁,14
镂,14
镃,14
镄,14
閡,14
閣,14
閤,14
閥,14
閨,14
閩,14
阚,14
際,14
障,14
隞,14
隡,14
雒,14
雿,14
需,14
霁,14
靘,14
静,14
靺,14
靻,14
靼,14
靽,14
靾,14
靿,14
鞀,14
鞁,14
鞂,14
鞃,14
鞄,14
鞅,14
韍,14
韎,14
韬,14
韶,14
頖,14
頗,14
領,14
颗,14
颭,14
颮,14
颯,14
颱,14
飕,14
飗,14
馑,14
馒,14
馜,14
馝,14
馹,14
馺,14
馻,14
馽,14
駁,14
駂,14
駃,14
駇,14
骠,14
骡,14
骢,14
骯,14
骰,14
骱,14
髣,14
髦,14
髧,14
鬾,14
鬿,14
魁,14
魂,14
魟,14
魠,14
魡,14
鲑,14
鲒,14
鲔,14
鲕,14
鲖,14
鲙,14
鲚,14
鲛,14
鲜,14
鲞,14
鲟,14
鳱,14
鳲,14
鳳,14
鳴,14
鳵,14
鳶,14
鹕,14
鹖,14
鹗,14
鹙,14
鹚,14
鹜,14
麧,14
麼,14
鼻,14
齊,14
龇,14
龈,14
儰,14
噓,14
墀,14
慶,14
摨,14
斲,14
潆,14
獎,14
獒,14
瘣,14
箠,14
綞,14
蓮,14
誕,14
撝,15
萸,15
鄬,15
揅,15
萩,15
萫,15
萭,15
萯,15
萰,15
萱,15
萲,15
萳,15
萴,15
萵,15
萶,15
萷,15
萹,15
萺,15
萻,15
萼,15
落,15
萿,15
葀,15
葂,15
葃,15
葄,15
葅,15
葆,15
葇,15
葉,15
葋,15
葌,15
葍,15
葎,15
葐,15
葑,15
葒,15
葔,15
葖,15
葘,15
葙,15
葚,15
葛,15
葝,15
葞,15
葟,15
葠,15
葥,15
葦,15
葧,15
葨,15
葩,15
葫,15
葬,15
葭,15
葮,15
葯,15
葰,15
葳,15
葴,15
葵,15
葶,15
葷,15
葸,15
葹,15
葺,15
葽,15
葾,15
蒆,15
蒍,15
蒎,15
蒏,15
蝍,15
嘟,15
嫳,15
幣,15
廙,15
廜,15
弊,15
彆,15
徶,15
徹,15
撇,15
撤,15
撦,15
潎,15
潳,15
澈,15
瘧,15
箸,15
翥,15
蝕,15
蝫,15
褚,15
鋮,15
餀,15
餂,15
餃,15
餇,15
餉,15
餌,15
㯉,15
䗖,15
䢦,15
僵,15
僶,15
僸,15
價,15
僻,15
僽,15
僾,15
僿,15
儀,15
儂,15
儃,15
億,15
儅,15
儆,15
儇,15
儈,15
儉,15
儊,15
儋,15
儌,15
凜,15
劇,15
劈,15
劉,15
劊,15
劋,15
劌,15
劍,15
勯,15
勰,15
勱,15
厲,15
嘩,15
嘪,15
嘬,15
嘮,15
嘯,15
嘰,15
嘲,15
嘳,15
嘴,15
嘵,15
嘶,15
嘸,15
嘹,15
嘺,15
嘻,15
嘼,15
嘽,15
嘾,15
嘿,15
噀,15
噁,15
噂,15
噆,15
噈,15
噉,15
噊,15
噌,15
噍,15
噎,15
噗,15
噘,15
噚,15
噜,15
噴,15
圚,15
墜,15
墝,15
增,15
墟,15
墠,15
墡,15
墣,15
墥,15
墦,15
墨,15
墩,15
墫,15
墬,15
墮,15
墯,15
墱,15
墳,15
壿,15
奭,15
嫴,15
嫵,15
嫶,15
嫷,15
嫸,15
嫹,15
嫺,15
嫻,15
嫽,15
嫿,15
嬁,15
嬂,15
嬃,15
嬅,15
嬇,15
嬈,15
嬉,15
嬋,15
嬌,15
嬏,15
審,15
寫,15
寬,15
寮,15
層,15
履,15
屦,15
屧,15
嶒,15
嶓,15
嶔,15
嶕,15
嶗,15
嶙,15
嶚,15
嶜,15
嶝,15
嶞,15
嶟,15
嶠,15
嶡,15
嶢,15
幜,15
幝,15
幟,15
幠,15
幡,15
幢,15
廚,15
廛,15
廝,15
廞,15
廟,15
廠,15
廡,15
廢,15
廣,15
彈,15
彉,15
影,15
徲,15
徵,15
德,15
慕,15
慝,15
慦,15
慧,15
慫,15
慮,15
慰,15
慹,15
慼,15
慾,15
憂,15
憃,15
憉,15
憍,15
憎,15
憐,15
憒,15
憓,15
憔,15
憚,15
憛,15
憟,15
憡,15
憢,15
憤,15
憧,15
憪,15
憫,15
憬,15
憭,15
憮,15
憯,15
憰,15
憱,15
憳,15
戭,15
戮,15
摩,15
摮,15
摯,15
摰,15
摹,15
撅,15
撈,15
撊,15
撋,15
撌,15
撏,15
撐,15
撒,15
撓,15
撕,15
撖,15
撗,15
撘,15
撙,15
撚,15
撜,15
撞,15
撟,15
撠,15
撢,15
撣,15
撥,15
撩,15
撫,15
撬,15
播,15
撮,15
撰,15
撱,15
撲,15
撳,15
撵,15
撷,15
撸,15
撺,15
敵,15
敶,15
敷,15
數,15
敹,15
敺,15
敻,15
斳,15
暩,15
暪,15
暫,15
暮,15
暯,15
暰,15
暱,15
暲,15
暴,15
暵,15
暷,15
槢,15
槤,15
槥,15
槦,15
槧,15
槨,15
槫,15
槬,15
槭,15
槮,15
槱,15
槲,15
槳,15
槴,15
槶,15
槷,15
槸,15
槻,15
槼,15
槽,15
槾,15
槿,15
樀,15
樁,15
樂,15
樄,15
樅,15
樆,15
樇,15
樈,15
樉,15
樊,15
樍,15
樏,15
樑,15
樓,15
樔,15
樕,15
樖,15
樗,15
樘,15
標,15
樛,15
樝,15
樞,15
樟,15
樠,15
模,15
樣,15
樥,15
樦,15
樧,15
横,15
樯,15
樱,15
歎,15
歐,15
歑,15
歶,15
殢,15
殣,15
殤,15
殥,15
殦,15
毅,15
毆,15
毿,15
氀,15
氁,15
氂,15
滕,15
漀,15
漦,15
漿,15
潁,15
潏,15
潐,15
潑,15
潒,15
潓,15
潔,15
潕,15
潗,15
潘,15
潚,15
潛,15
潝,15
潟,15
潠,15
潡,15
潢,15
潣,15
潤,15
潦,15
潧,15
潩,15
潪,15
潫,15
潬,15
潭,15
潮,15
潯,15
潰,15
潲,15
潶,15
潷,15
潸,15
潺,15
潻,15
潼,15
潽,15
潾,15
潿,15
澂,15
澄,15
澅,15
澆,15
澇,15
澉,15
澋,15
澌,15
澍,15
澎,15
澐,15
澒,15
澓,15
澔,15
澕,15
澖,15
澗,15
澜,15
熚,15
熛,15
熜,15
熝,15
熞,15
熟,15
熠,15
熡,15
熤,15
熥,15
熧,15
熨,15
熩,15
熪,15
熬,15
熯,15
熰,15
熱,15
熲,15
熳,15
熵,15
牖,15
犘,15
犚,15
犛,15
獗,15
獙,15
獚,15
獛,15
獝,15
獞,15
獟,15
獠,15
獡,15
獢,15
瑩,15
瑹,15
瑼,15
瑽,15
瑾,15
璀,15
璁,15
璃,15
璅,15
璆,15
璇,15
璈,15
璉,15
璊,15
璋,15
璎,15
甇,15
甈,15
畾,15
畿,15
瘙,15
瘚,15
瘛,15
瘜,15
瘝,15
瘞,15
瘟,15
瘠,15
瘡,15
瘢,15
瘤,15
瘥,15
瘦,15
瘨,15
瘩,15
瘪,15
瘫,15
皚,15
皛,15
皜,15
皝,15
皞,15
皺,15
盤,15
瞇,15
瞈,15
瞉,15
瞋,15
瞌,15
瞍,15
瞎,15
瞏,15
瞑,15
瞒,15
確,15
碻,15
碼,15
碾,15
磃,15
磄,15
磅,15
磈,15
磉,15
磊,15
磋,15
磌,15
磍,15
磎,15
磏,15
磐,15
磑,15
磔,15
磕,15
禚,15
禛,15
禜,15
禠,15
禡,15
禢,15
稷,15
稹,15
稻,15
稼,15
稽,15
稿,15
穀,15
窮,15
窯,15
窲,15
窳,15
窴,15
箬,15
箭,15
箯,15
箱,15
箴,15
箵,15
箷,15
箹,15
箾,15
篁,15
範,15
篆,15
篇,15
篊,15
篋,15
篌,15
篎,15
篑,15
篓,15
糅,15
糈,15
糉,15
糊,15
糋,15
糌,15
緗,15
緘,15
緙,15
線,15
緛,15
緝,15
緞,15
緟,15
締,15
緡,15
緣,15
緦,15
緧,15
編,15
緩,15
緪,15
緬,15
緮,15
緯,15
緰,15
緱,15
緲,15
緳,15
練,15
緶,15
緷,15
緹,15
緺,15
緻,15
縃,15
缬,15
缭,15
缮,15
缯,15
罵,15
罶,15
罷,15
羬,15
羭,15
羯,15
羰,15
翦,15
翨,15
翩,15
翪,15
翫,15
翬,15
翭,15
耦,15
耧,15
聤,15
聧,15
聩,15
聪,15
膕,15
膗,15
膘,15
膙,15
膚,15
膛,15
膜,15
膝,15
膞,15
膟,15
膠,15
膢,15
膣,15
舖,15
艎,15
艏,15
艐,15
艑,15
艒,15
艓,15
蒇,15
蒉,15
蒋,15
蒌,15
蔑,15
蔕,15
蔚,15
蔬,15
虢,15
蝌,15
蝎,15
蝏,15
蝐,15
蝑,15
蝒,15
蝓,15
蝔,15
蝖,15
蝗,15
蝘,15
蝙,15
蝚,15
蝛,15
蝜,15
蝝,15
蝞,15
蝟,15
蝠,15
蝡,15
蝢,15
蝣,15
蝤,15
蝥,15
蝦,15
蝧,15
蝨,15
蝩,15
蝪,15
蝬,15
蝭,15
蝮,15
蝯,15
蝳,15
蝴,15
蝵,15
蝶,15
蝷,15
蝸,15
蝺,15
蝻,15
蝼,15
蝾,15
螀,15
蟡,15
衚,15
衛,15
衝,15
褅,15
褆,15
複,15
褉,15
褊,15
褋,15
褌,15
褎,15
褐,15
褑,15
褒,15
褓,15
褔,15
褕,15
褖,15
褗,15
褘,15
褙,15
褛,15
覢,15
覣,15
覤,15
觐,15
觑,15
觬,15
觭,15
觯,15
誰,15
課,15
誶,15
誸,15
誹,15
誺,15
誻,15
誼,15
誽,15
誾,15
調,15
諀,15
諂,15
諃,15
諄,15
諅,15
諆,15
談,15
諉,15
請,15
諍,15
諏,15
諑,15
諒,15
諓,15
諔,15
諕,15
論,15
諗,15
諘,15
諙,15
諸,15
谳,15
谴,15
谵,15
谾,15
豌,15
豍,15
豎,15
貏,15
賙,15
賚,15
賜,15
賝,15
賞,15
賟,15
賠,15
賡,15
賢,15
賣,15
賤,15
賥,15
賦,15
賧,15
賨,15
質,15
賬,15
趛,15
趜,15
趟,15
趠,15
趡,15
趣,15
踏,15
踐,15
踑,15
踒,15
踓,15
踔,15
踕,15
踖,15
踗,15
踘,15
踙,15
踚,15
踛,15
踜,15
踝,15
踞,15
踟,15
踠,15
踡,15
踢,15
踣,15
踤,15
踥,15
踦,15
踧,15
踩,15
踪,15
踬,15
踮,15
踯,15
躺,15
輖,15
輗,15
輘,15
輚,15
輛,15
輜,15
輝,15
輞,15
輟,15
輠,15
輣,15
輤,15
輥,15
輦,15
輩,15
輪,15
輬,15
辉,15
辘,15
遧,15
遨,15
適,15
遫,15
遭,15
遮,15
遯,15
遰,15
遳,15
鄦,15
鄧,15
鄩,15
鄪,15
鄫,15
鄭,15
鄮,15
鄯,15
鄰,15
鄱,15
鄲,15
醀,15
醁,15
醂,15
醃,15
醄,15
醅,15
醆,15
醇,15
醉,15
醊,15
醋,15
銲,15
銳,15
銴,15
銵,15
銶,15
銷,15
銹,15
銻,15
銼,15
鋀,15
鋁,15
鋂,15
鋃,15
鋄,15
鋅,15
鋆,15
鋇,15
鋈,15
鋉,15
鋊,15
鋌,15
鋍,15
鋎,15
鋏,15
鋐,15
鋑,15
鋒,15
鋓,15
鋕,15
鋗,15
鋘,15
鋙,15
鋝,15
鋞,15
鋟,15
鋠,15
鋡,15
鋤,15
鋦,15
鋧,15
鋨,15
鋩,15
鋪,15
鋯,15
鋰,15
鋱,15
镆,15
镇,15
镈,15
镉,15
镊,15
镋,15
镌,15
镍,15
镏,15
镐,15
镑,15
镒,15
镓,15
镔,15
镕,15
閫,15
閬,15
閭,15
閮,15
閰,15
閱,15
隢,15
隤,15
雓,15
霂,15
霄,15
霅,15
霆,15
震,15
霈,15
霉,15
靚,15
靠,15
靥,15
鞈,15
鞊,15
鞋,15
鞍,15
鞎,15
鞏,15
鞑,15
韏,15
韐,15
頛,15
頜,15
頝,15
頞,15
頠,15
頡,15
頦,15
頧,15
頨,15
頩,15
頫,15
题,15
颙,15
颚,15
颛,15
颜,15
额,15
颲,15
颳,15
飘,15
飺,15
餈,15
養,15
餍,15
馔,15
駉,15
駋,15
駌,15
駍,15
駎,15
駏,15
駐,15
駑,15
駒,15
駓,15
駔,15
駕,15
駖,15
駗,15
駘,15
駙,15
駛,15
駜,15
駝,15
駟,15
骣,15
骳,15
骷,15
髫,15
髬,15
髮,15
髯,15
髱,15
髲,15
髳,15
鬧,15
魃,15
魄,15
魅,15
魆,15
魤,15
魦,15
魧,15
魨,15
魬,15
魯,15
魰,15
魱,15
魴,15
魵,15
魶,15
魷,15
鲠,15
鲡,15
鲢,15
鲣,15
鲤,15
鲥,15
鲦,15
鲧,15
鲨,15
鲩,15
鲪,15
鲫,15
鳷,15
鳹,15
鳺,15
鳻,15
鳼,15
鳽,15
鳿,15
鴀,15
鴃,15
鴄,15
鴅,15
鴆,15
鴇,15
鴈,15
鴉,15
鹘,15
鹝,15
鹞,15
鹟,15
鹠,15
鹡,15
鹢,15
鹣,15
鹤,15
麃,15
麩,15
麾,15
黎,15
黓,15
鼏,15
鼐,15
齑,15
齒,15
龉,15
龊,15
噙,15
導,15
憲,15
整,15
樨,15
潞,15
窱,15
虣,15
諈,15
鋋,15
骴,15
髭,15
蓅,16
穊,16
竮,16
蒐,16
蒑,16
蒔,16
蒗,16
蒘,16
蒙,16
蒛,16
蒝,16
蒞,16
蒟,16
蒠,16
蒡,16
蒢,16
蒤,16
蒧,16
蒨,16
蒩,16
蒪,16
蒫,16
蒬,16
蒮,16
蒯,16
蒰,16
蒱,16
蒴,16
蒶,16
蒸,16
蒹,16
蒺,16
蒻,16
蓀,16
蓁,16
蓂,16
蓄,16
蓆,16
蓇,16
蓉,16
蓊,16
蓋,16
蓌,16
蓍,16
蓎,16
蓏,16
蓐,16
蓑,16
蓒,16
蓓,16
蓔,16
蓖,16
蓗,16
蓛,16
鉼,16
幩,16
憋,16
橀,16
濆,16
獘,16
螂,16
觰,16
諛,16
豬,16
賭,16
赭,16
踫,16
遷,16
錥,16
镼,16
餑,16
餒,16
餓,16
餔,16
餕,16
餖,16
餗,16
餘,16
㵪,16
䀇,16
䙓,16
䞐,16
亸,16
儐,16
儑,16
儒,16
儓,16
儔,16
儕,16
儗,16
儘,16
儚,16
儜,16
冀,16
冪,16
凝,16
凞,16
劑,16
劓,16
勳,16
匴,16
叡,16
噞,16
噠,16
噢,16
噣,16
噤,16
噥,16
噦,16
器,16
噩,16
噪,16
噫,16
噬,16
噭,16
噮,16
噯,16
噰,16
噱,16
噲,16
噳,16
噶,16
噷,16
噸,16
噹,16
圛,16
圜,16
墺,16
墻,16
墼,16
墽,16
墾,16
墿,16
壁,16
壂,16
壅,16
壆,16
壇,16
壈,16
壉,16
奮,16
嬐,16
嬓,16
嬔,16
嬖,16
嬗,16
嬙,16
嬚,16
嬛,16
嬝,16
嬞,16
嬠,16
嬡,16
嬴,16
學,16
寯,16
寰,16
嶧,16
嶨,16
嶩,16
嶪,16
嶬,16
嶭,16
嶮,16
嶯,16
嶰,16
嶱,16
嶲,16
嶴,16
嶵,16
幦,16
幧,16
幨,16
廥,16
廦,16
廧,16
廨,16
廩,16
廪,16
彊,16
彋,16
徻,16
徼,16
憊,16
憌,16
憑,16
憖,16
憝,16
憨,16
憩,16
憴,16
憶,16
憸,16
憺,16
憾,16
憿,16
懁,16
懅,16
懆,16
懈,16
懊,16
懌,16
懍,16
懒,16
懔,16
戰,16
撉,16
撻,16
撼,16
撽,16
撾,16
撿,16
擁,16
擂,16
擃,16
擄,16
擅,16
擇,16
擉,16
擋,16
操,16
擏,16
擐,16
擒,16
擔,16
擖,16
擗,16
擙,16
據,16
擛,16
擞,16
攳,16
敼,16
敿,16
斓,16
斢,16
暸,16
暹,16
暺,16
暻,16
暽,16
暾,16
曀,16
曄,16
曆,16
曇,16
曈,16
曉,16
曊,16
曋,16
曌,16
朣,16
樲,16
樴,16
樵,16
樸,16
樹,16
樺,16
樻,16
樼,16
樽,16
樾,16
樿,16
橁,16
橄,16
橆,16
橇,16
橈,16
橉,16
橋,16
橍,16
橎,16
橏,16
橐,16
橑,16
橔,16
橕,16
橖,16
橘,16
橙,16
橚,16
橛,16
橝,16
橞,16
機,16
橠,16
橡,16
橢,16
橤,16
橦,16
橧,16
橨,16
橩,16
橪,16
橫,16
橭,16
橯,16
橱,16
橶,16
橹,16
橼,16
歔,16
歕,16
歖,16
歙,16
歷,16
殧,16
殪,16
殫,16
毇,16
毈,16
氃,16
氄,16
氅,16
氆,16
氇,16
澞,16
澠,16
澡,16
澢,16
澣,16
澤,16
澥,16
澦,16
澧,16
澨,16
澪,16
澫,16
澬,16
澭,16
澮,16
澯,16
澰,16
澱,16
澲,16
澳,16
澴,16
澶,16
澸,16
澹,16
澺,16
澼,16
澽,16
澿,16
激,16
濁,16
濂,16
濃,16
濄,16
濇,16
濈,16
濉,16
濊,16
濋,16
濍,16
濎,16
濏,16
濑,16
濒,16
熸,16
熹,16
熼,16
熽,16
熾,16
熿,16
燀,16
燁,16
燂,16
燃,16
燄,16
燅,16
燆,16
燇,16
燈,16
燉,16
燊,16
燋,16
燎,16
燏,16
燐,16
燒,16
燔,16
燕,16
燖,16
燘,16
燙,16
燚,16
燛,16
燜,16
犝,16
犞,16
獥,16
獦,16
獧,16
獨,16
獩,16
獪,16
獫,16
獬,16
獭,16
瑿,16
璒,16
璔,16
璕,16
璘,16
璚,16
璜,16
璞,16
璟,16
璠,16
璡,16
璣,16
瓢,16
甋,16
甌,16
甍,16
疀,16
瘭,16
瘯,16
瘰,16
瘱,16
瘲,16
瘳,16
瘴,16
瘵,16
瘸,16
瘺,16
瘼,16
瘽,16
瘾,16
瘿,16
皻,16
盥,16
盦,16
盧,16
瞕,16
瞗,16
瞙,16
瞚,16
瞛,16
瞜,16
瞝,16
瞞,16
瞟,16
瞠,16
瞡,16
瞢,16
瞣,16
磚,16
磛,16
磝,16
磞,16
磟,16
磠,16
磡,16
磢,16
磣,16
磥,16
磧,16
磨,16
磩,16
磪,16
磬,16
磭,16
禤,16
禦,16
穄,16
穆,16
穇,16
穈,16
穋,16
穌,16
積,16
穎,16
穑,16
窵,16
窶,16
窷,16
窸,16
窺,16
築,16
篔,16
篕,16
篘,16
篙,16
篚,16
篛,16
篜,16
篝,16
篞,16
篟,16
篡,16
篢,16
篣,16
篤,16
篥,16
篦,16
篧,16
篨,16
篩,16
篪,16
篫,16
篮,16
簑,16
糐,16
糑,16
糒,16
糔,16
糕,16
糖,16
糗,16
縈,16
縉,16
縊,16
縋,16
縌,16
縍,16
縎,16
縏,16
縐,16
縑,16
縒,16
縓,16
縔,16
縕,16
縖,16
縗,16
縚,16
縛,16
縜,16
縝,16
縞,16
縟,16
縠,16
縡,16
縢,16
縣,16
縤,16
縥,16
缰,16
缱,16
缲,16
缳,16
缴,16
罃,16
罹,16
罺,16
罻,16
罼,16
羱,16
羲,16
翮,16
翯,16
翰,16
翱,16
耨,16
耩,16
耪,16
聬,16
膦,16
膧,16
膨,16
膩,16
膫,16
膬,16
膮,16
膰,16
膱,16
膲,16
膳,16
膴,16
膵,16
臲,16
臻,16
舆,16
興,16
艕,16
艖,16
艗,16
艘,16
艙,16
蓝,16
蓟,16
蓠,16
蓣,16
蓦,16
蕪,16
蕭,16
虤,16
虥,16
蝹,16
螁,16
螃,16
螄,16
螅,16
螇,16
螈,16
螉,16
融,16
螏,16
螐,16
螑,16
螒,16
螓,16
螔,16
螖,16
螗,16
螘,16
螚,16
螛,16
螜,16
螝,16
螞,16
螟,16
螢,16
螣,16
螤,16
衡,16
褞,16
褟,16
褡,16
褢,16
褣,16
褥,16
褦,16
褧,16
褩,16
褪,16
褫,16
褬,16
褭,16
褮,16
褯,16
褰,16
褱,16
褲,16
褴,16
覦,16
親,16
觱,16
諜,16
諝,16
諞,16
諟,16
諠,16
諡,16
諢,16
諤,16
諦,16
諧,16
諨,16
諫,16
諭,16
諮,16
諯,16
諰,16
諱,16
諲,16
諳,16
諴,16
諵,16
諶,16
諷,16
諺,16
諻,16
諼,16
諾,16
諿,16
謀,16
謁,16
謂,16
豫,16
豭,16
豮,16
貐,16
貑,16
貒,16
貓,16
賮,16
賰,16
賱,16
賳,16
賴,16
賵,16
赞,16
赟,16
赠,16
赬,16
赮,16
趥,16
趧,16
踰,16
踱,16
踳,16
踴,16
踵,16
踶,16
踸,16
踹,16
踼,16
踽,16
踾,16
踿,16
蹀,16
蹁,16
蹂,16
蹄,16
蹅,16
躽,16
輮,16
輯,16
輲,16
輳,16
輴,16
輵,16
輶,16
輷,16
輸,16
輹,16
輻,16
辙,16
辚,16
辦,16
辨,16
辩,16
遲,16
遴,16
遵,16
遶,16
選,16
遹,16
遺,16
遻,16
遼,16
邆,16
郺,16
鄳,16
鄴,16
鄵,16
鄶,16
醍,16
醏,16
醐,16
醑,16
醒,16
醓,16
鋷,16
鋸,16
鋹,16
鋺,16
鋻,16
鋼,16
鋾,16
鋿,16
錀,16
錁,16
錂,16
錄,16
錆,16
錈,16
錉,16
錋,16
錌,16
錍,16
錎,16
錏,16
錐,16
錒,16
錓,16
錔,16
錕,16
錖,16
錙,16
錚,16
錛,16
錝,16
錞,16
錟,16
錠,16
錡,16
錢,16
錣,16
錤,16
錦,16
錧,16
錩,16
錪,16
錫,16
錭,16
錮,16
錯,16
錳,16
錴,16
錵,16
錶,16
錸,16
錹,16
錼,16
錾,16
鍆,16
镖,16
镗,16
镘,16
镙,16
镛,16
镜,16
镝,16
镞,16
镟,16
镠,16
閵,16
閶,16
閹,16
閺,16
閻,16
閼,16
閽,16
閾,16
閿,16
阛,16
隧,16
隨,16
隩,16
險,16
雔,16
雕,16
霋,16
霍,16
霎,16
霏,16
霐,16
霑,16
霒,16
霓,16
霖,16
靛,16
靜,16
靦,16
鞔,16
鞗,16
鞘,16
鞙,16
韰,16
韸,16
頤,16
頭,16
頯,16
頰,16
頲,16
頵,16
頷,16
頸,16
頹,16
頻,16
颞,16
颟,16
颠,16
颡,16
飙,16
餐,16
馞,16
駢,16
駣,16
駤,16
駥,16
駧,16
駩,16
駪,16
駬,16
駭,16
駮,16
駰,16
駱,16
骸,16
骹,16
骻,16
骼,16
髶,16
髷,16
髹,16
髺,16
髻,16
鬨,16
鬳,16
魇,16
魺,16
魻,16
魼,16
魽,16
魾,16
鮀,16
鮂,16
鮅,16
鮇,16
鮈,16
鮐,16
鮑,16
鮒,16
鮓,16
鮕,16
鲭,16
鲮,16
鲯,16
鲰,16
鲱,16
鲲,16
鲳,16
鲵,16
鲶,16
鲷,16
鲸,16
鲻,16
鴐,16
鴒,16
鴔,16
鴕,16
鴗,16
鴘,16
鴙,16
鴛,16
鴝,16
鴞,16
鴟,16
鴠,16
鴢,16
鴣,16
鴥,16
鴦,16
鴨,16
鴩,16
鹥,16
鹦,16
鹧,16
鹨,16
鹾,16
麆,16
麇,16
麈,16
麭,16
麮,16
黔,16
黕,16
黖,16
默,16
黺,16
鼒,16
鼽,16
龍,16
龜,16
懂,16
懃,16
懇,16
璐,16
篠,16
舉,16
錘,16
闀,16
鮆,16
蟗,16
蓱,17
蔇,17
餅,17
蓧,17
蓨,17
蓩,17
蓪,17
蓫,17
蓬,17
蓯,17
蓰,17
蓲,17
蓳,17
蓴,17
蓶,17
蓷,17
蓹,17
蓺,17
蓻,17
蓼,17
蓽,17
蓾,17
蓿,17
蔀,17
蔂,17
蔆,17
蔈,17
蔉,17
蔊,17
蔋,17
蔌,17
蔍,17
蔎,17
蔏,17
蔒,17
蔓,17
蔔,17
蔖,17
蔗,17
蔘,17
蔙,17
蔜,17
蔝,17
蔞,17
蔟,17
蔠,17
蔡,17
蔣,17
蔤,17
蔥,17
蔦,17
蔧,17
蔨,17
蔩,17
蔪,17
蔫,17
蔭,17
蔮,17
蔯,17
蔰,17
蔱,17
蔻,17
嬨,17
曏,17
瞥,17
篹,17
膷,17
膹,17
謔,17
鍺,17
闍,17
餚,17
餛,17
餞,17
餟,17
餡,17
餤,17
餧,17
館,17
餩,17
㯱,17
䜧,17
䯄,17
䴔,17
䴕,17
償,17
儠,17
儡,17
儢,17
儤,17
儥,17
儦,17
儩,17
優,17
勴,17
勵,17
噾,17
噿,17
嚀,17
嚁,17
嚂,17
嚃,17
嚄,17
嚅,17
嚆,17
嚇,17
嚌,17
嚍,17
嚎,17
嚏,17
嚐,17
嚓,17
壎,17
壏,17
壑,17
壒,17
壓,17
壔,17
壕,17
壖,17
嬣,17
嬤,17
嬥,17
嬦,17
嬧,17
嬪,17
嬬,17
嬭,17
嬮,17
嬯,17
嬰,17
嬲,17
嬷,17
孺,17
孻,17
寱,17
寲,17
尷,17
屨,17
嶷,17
嶸,17
嶺,17
嶼,17
嶽,17
幪,17
幫,17
幬,17
彌,17
徽,17
徾,17
憵,17
憼,17
應,17
懋,17
懑,17
懞,17
懠,17
懤,17
懥,17
懦,17
懧,17
懨,17
戲,17
擊,17
擎,17
擘,17
擠,17
擢,17
擣,17
擤,17
擦,17
擨,17
擩,17
擫,17
擬,17
擭,17
擯,17
擰,17
擱,17
斀,17
斁,17
斂,17
斶,17
旚,17
曒,17
曖,17
橾,17
橿,17
檀,17
檁,17
檃,17
檄,17
檅,17
檇,17
檉,17
檌,17
檍,17
檎,17
檐,17
檑,17
檒,17
檓,17
檔,17
檕,17
檖,17
檗,17
檚,17
檛,17
檜,17
檞,17
檟,17
檠,17
檡,17
檢,17
檣,17
檤,17
檥,17
檦,17
檨,17
檩,17
歛,17
歜,17
殭,17
殮,17
毚,17
氈,17
氉,17
澀,17
澩,17
濌,17
濔,17
濕,17
濘,17
濛,17
濜,17
濝,17
濞,17
濟,17
濠,17
濡,17
濢,17
濣,17
濤,17
濦,17
濧,17
濨,17
濩,17
濫,17
濬,17
濭,17
濮,17
濯,17
濰,17
濱,17
濲,17
濴,17
營,17
燠,17
燡,17
燢,17
燤,17
燥,17
燦,17
燧,17
燨,17
燬,17
燭,17
燮,17
燰,17
燱,17
燲,17
燴,17
牆,17
獮,17
獯,17
獰,17
獲,17
獳,17
璗,17
璥,17
璦,17
璨,17
璩,17
璪,17
璫,17
璭,17
璯,17
環,17
璱,17
璲,17
甏,17
甐,17
甑,17
甒,17
疄,17
療,17
癃,17
癆,17
癇,17
癈,17
癉,17
癌,17
皤,17
盨,17
盩,17
盪,17
瞧,17
瞨,17
瞪,17
瞫,17
瞬,17
瞭,17
瞰,17
瞱,17
瞲,17
瞳,17
瞴,17
瞵,17
瞶,17
瞷,17
矯,17
矰,17
磯,17
磲,17
磳,17
磴,17
磷,17
磹,17
磺,17
磻,17
磼,17
磽,17
磾,17
磿,17
礁,17
礂,17
礄,17
礅,17
禧,17
禨,17
禪,17
禫,17
穔,17
穖,17
穗,17
穘,17
穚,17
穛,17
穜,17
窾,17
窿,17
竀,17
竁,17
篰,17
篱,17
篲,17
篳,17
篴,17
篷,17
篸,17
篻,17
篽,17
篾,17
篿,17
簀,17
簁,17
簂,17
簃,17
簅,17
簆,17
簇,17
簉,17
簊,17
簋,17
簌,17
簍,17
簎,17
簏,17
簐,17
簕,17
簖,17
糙,17
糜,17
糝,17
糞,17
糟,17
糠,17
糢,17
糨,17
縩,17
縪,17
縫,17
縭,17
縮,17
縯,17
縰,17
縱,17
縲,17
縳,17
縴,17
縵,17
縶,17
縷,17
縸,17
縹,17
縺,17
縻,17
縼,17
總,17
績,17
縿,17
繀,17
繁,17
繂,17
繃,17
繄,17
繅,17
繆,17
繇,17
繉,17
繌,17
罄,17
罅,17
罽,17
罾,17
罿,17
羁,17
翲,17
翳,17
翴,17
翵,17
耬,17
聯,17
聰,17
聱,17
聲,17
聳,17
膺,17
膻,17
膼,17
膽,17
膾,17
膿,17
臀,17
臂,17
臃,17
臄,17
臅,17
臆,17
臇,17
臉,17
臊,17
臌,17
臨,17
臩,17
艚,17
艛,17
艜,17
艱,17
蓥,17
蔷,17
蔹,17
蔺,17
蔼,17
薀,17
薄,17
虧,17
虨,17
螪,17
螫,17
螬,17
螭,17
螮,17
螯,17
螰,17
螲,17
螳,17
螴,17
螵,17
螶,17
螷,17
螸,17
螹,17
螺,17
螻,17
螼,17
螽,17
螾,17
螿,17
蟀,17
蟂,17
蟃,17
蟄,17
蟅,17
蟆,17
蟈,17
蟉,17
蟊,17
蟋,17
蟌,17
蟏,17
蟑,17
褳,17
褵,17
褶,17
褷,17
褸,17
褻,17
褼,17
褽,17
褾,17
襁,17
襂,17
襄,17
覬,17
覭,17
覮,17
覯,17
觲,17
觳,17
謄,17
謅,17
謆,17
謇,17
謈,17
謊,17
謋,17
謍,17
謎,17
謏,17
謐,17
謑,17
謒,17
謓,17
謕,17
謖,17
謗,17
謘,17
謙,17
謚,17
講,17
謜,17
謝,17
謞,17
謠,17
謢,17
谿,17
豁,17
豏,17
豯,17
豰,17
豱,17
豲,17
豳,17
貔,17
貕,17
賸,17
賹,17
賺,17
賻,17
購,17
賽,17
赡,17
赢,17
赯,17
趨,17
蹇,17
蹈,17
蹉,17
蹊,17
蹋,17
蹌,17
蹍,17
蹎,17
蹐,17
蹑,17
蹒,17
蹓,17
輾,17
輿,17
轀,17
轂,17
轃,17
轄,17
轅,17
辫,17
遽,17
遾,17
避,17
邀,17
邁,17
邂,17
還,17
邅,17
鄸,17
鄹,17
醙,17
醚,17
醛,17
醜,17
醝,17
醞,17
醟,17
醠,17
醡,17
醢,17
醣,17
錨,17
鍇,17
鍉,17
鍊,17
鍋,17
鍌,17
鍍,17
鍎,17
鍏,17
鍐,17
鍑,17
鍒,17
鍔,17
鍕,17
鍖,17
鍗,17
鍘,17
鍙,17
鍚,17
鍛,17
鍜,17
鍞,17
鍠,17
鍡,17
鍣,17
鍤,17
鍥,17
鍧,17
鍪,17
鍬,17
鍭,17
鍰,17
鍱,17
鍵,17
鍶,17
鍷,17
鍹,17
鍻,17
鍼,17
鍾,17
鎂,17
鎃,17
镡,17
镢,17
镣,17
镤,17
镦,17
镧,17
镨,17
镪,17
镫,17
閷,17
闃,17
闅,17
闆,17
闇,17
闈,17
闉,17
闊,17
闋,17
闌,17
隬,17
隮,17
隰,17
隱,17
隸,17
雖,17
霘,17
霙,17
霜,17
霝,17
霞,17
霟,17
霠,17
鞚,17
鞜,17
鞝,17
鞞,17
鞠,17
鞡,17
韓,17
韔,17
韕,17
韱,17
顁,17
顃,17
顄,17
顅,17
顆,17
顈,17
顉,17
顊,17
颶,17
餥,17
馘,17
馡,17
馣,17
駴,17
駶,17
駷,17
駸,17
駹,17
駺,17
駻,17
駼,17
駽,17
駾,17
駿,17
騁,17
騂,17
騃,17
骤,17
骾,17
髼,17
髽,17
髾,17
鬁,17
魈,17
魉,17
鮚,17
鮛,17
鮞,17
鮠,17
鮡,17
鮢,17
鮤,17
鮥,17
鮦,17
鮨,17
鮪,17
鮫,17
鮭,17
鮮,17
鮯,17
鲽,17
鲿,17
鳀,17
鳃,17
鳄,17
鳅,17
鳆,17
鳇,17
鴭,17
鴮,17
鴯,17
鴰,17
鴱,17
鴳,17
鴶,17
鴷,17
鴸,17
鴻,17
鴽,17
鴾,17
鴿,17
鵀,17
鵁,17
鵂,17
鵃,17
鵅,17
鹩,17
鹪,17
鹫,17
鹬,17
麉,17
麊,17
麋,17
麰,17
黈,17
黉,17
黏,17
黚,17
黛,17
黜,17
黝,17
點,17
黻,17
黿,17
鼢,17
鼣,17
鼤,17
鼾,17
齋,17
齔,17
龋,17
龌,17
龠,17
曚,17
璧,17
邃,17
鎀,17
蔽,18
幯,18
擳,18
瀄,18
蔾,18
蕀,18
蕁,18
蕃,18
蕄,18
蕅,18
蕆,18
蕇,18
蕈,18
蕉,18
蕊,18
蕍,18
蕎,18
蕑,18
蕓,18
蕔,18
蕕,18
蕖,18
蕘,18
蕙,18
蕛,18
蕝,18
蕞,18
蕠,18
蕡,18
蕢,18
蕣,18
蕤,18
蕥,18
蕦,18
蕧,18
蕨,18
蕩,18
蕫,18
蕬,18
蕮,18
蕰,18
蕱,18
蕵,18
骿,18
儲,18
戴,18
斃,18
曙,18
爵,18
繈,18
翼,18
蕗,18
蟞,18
襒,18
鎏,18
鎡,18
鎯,18
餪,18
餫,18
餬,18
餭,18
餯,18
餰,18
餱,18
餲,18
餳,18
餵,18
麍,18
䌛,18
儭,18
儮,18
儱,18
冁,18
叢,18
嚕,18
嚗,18
嚘,18
嚙,18
嚚,18
嚜,18
嚝,18
嚟,18
嚣,18
壘,18
壙,18
奰,18
嬸,18
嬼,18
屩,18
屪,18
巀,18
巂,18
幭,18
幮,18
彝,18
懖,18
懘,18
懟,18
懣,18
懩,18
懪,18
懫,18
懭,18
懮,18
懰,18
懱,18
戳,18
擲,18
擴,18
擷,18
擸,18
擺,18
擻,18
擼,18
擽,18
擾,18
擿,18
攁,18
攃,18
攄,18
攆,18
斷,18
旛,18
曘,18
曛,18
曜,18
朦,18
檬,18
檭,18
檮,18
檯,18
檳,18
檴,18
檶,18
檷,18
檸,18
檹,18
檺,18
檻,18
檽,18
櫂,18
櫃,18
櫅,18
櫆,18
櫇,18
歞,18
歟,18
歸,18
殯,18
氋,18
濷,18
濺,18
濻,18
濼,18
濾,18
濿,18
瀀,18
瀁,18
瀅,18
瀆,18
瀇,18
瀉,18
瀊,18
瀋,18
瀌,18
瀍,18
瀎,18
瀏,18
瀑,18
瀔,18
燸,18
燹,18
燻,18
燼,18
燽,18
燾,18
燿,18
爁,18
爃,18
獵,18
獶,18
獷,18
璵,18
璶,18
璸,18
璻,18
璾,18
璿,18
瓀,18
瓁,18
瓂,18
甓,18
甔,18
甕,18
癐,18
癒,18
癓,18
癖,18
癗,18
癘,18
癙,18
癚,18
癜,18
癞,18
皦,18
皽,18
盬,18
瞺,18
瞻,18
瞼,18
瞽,18
瞿,18
矂,18
礉,18
礌,18
礎,18
礐,18
礑,18
礒,18
礓,18
礔,18
禬,18
禭,18
禮,18
穟,18
穠,18
穡,18
穢,18
竄,18
竅,18
簙,18
簜,18
簝,18
簞,18
簟,18
簠,18
簡,18
簢,18
簣,18
簥,18
簦,18
簧,18
簨,18
簩,18
簪,18
簫,18
簭,18
簰,18
糧,18
繐,18
繑,18
繒,18
繓,18
織,18
繕,18
繖,18
繗,18
繘,18
繙,18
繚,18
繜,18
繞,18
繟,18
繠,18
繡,18
繢,18
繣,18
罈,18
羳,18
羵,18
翷,18
翸,18
翹,18
翻,18
聵,18
聶,18
職,18
臍,18
臏,18
臐,18
臑,18
臒,18
舊,18
艞,18
艟,18
蕲,18
蕴,18
藉,18
藍,18
虩,18
蟓,18
蟔,18
蟘,18
蟙,18
蟛,18
蟜,18
蟝,18
蟟,18
蟠,18
蟢,18
蟣,18
蟤,18
蟥,18
蟦,18
蟧,18
蟨,18
蟪,18
蟫,18
蟬,18
蟭,18
蟯,18
蟲,18
蟳,18
蟴,18
襆,18
襉,18
襋,18
襌,18
襏,18
襐,18
襑,18
襓,18
覆,18
覲,18
觴,18
謣,18
謤,18
謥,18
謦,18
謧,18
謨,18
謪,18
謫,18
謬,18
謮,18
謯,18
謰,18
謱,18
謳,18
謵,18
謶,18
謷,18
謹,18
謺,18
謻,18
謼,18
謽,18
謾,18
豂,18
豐,18
豵,18
貗,18
貘,18
貙,18
賾,18
贀,18
贂,18
贄,18
贅,18
赜,18
蹔,18
蹕,18
蹖,18
蹗,18
蹙,18
蹚,18
蹛,18
蹜,18
蹝,18
蹞,18
蹟,18
蹠,18
蹡,18
蹢,18
蹣,18
蹤,18
蹥,18
蹦,18
蹧,18
軀,18
轆,18
轇,18
轈,18
轉,18
轋,18
邇,18
邈,18
鄺,18
鄻,18
鄾,18
醥,18
醧,18
醨,18
醪,18
醫,18
醬,18
釐,18
鎈,18
鎉,18
鎊,18
鎌,18
鎍,18
鎎,18
鎑,18
鎒,18
鎔,18
鎕,18
鎖,18
鎗,18
鎘,18
鎙,18
鎚,18
鎛,18
鎝,18
鎞,18
鎟,18
鎢,18
鎣,18
鎤,18
鎦,18
鎧,18
鎨,18
鎪,18
鎬,18
鎮,18
鎰,18
鎱,18
鎲,18
鎳,18
鎴,18
鎵,18
鎷,18
镬,18
镭,18
镮,18
镯,18
镰,18
镱,18
闐,18
闑,18
闒,18
闓,18
闔,18
闕,18
闖,18
隳,18
雗,18
雘,18
雙,18
雚,18
雛,18
雜,18
雝,18
雞,18
雟,18
雠,18
霢,18
霣,18
霤,18
霥,18
鞢,18
鞣,18
鞤,18
鞥,18
鞦,18
鞨,18
鞪,18
鞫,18
鞬,18
鞭,18
鞮,18
鞯,18
韖,18
韗,18
韘,18
韙,18
韹,18
韺,18
題,18
額,18
顎,18
顏,18
顐,18
顑,18
顒,18
顓,18
颢,18
颸,18
颺,18
餮,18
馥,18
騄,18
騅,18
騆,18
騇,18
騉,18
騊,18
騋,18
騍,18
騎,18
騏,18
騑,18
髀,18
髁,18
髜,18
鬃,18
鬄,18
鬅,18
鬆,18
鬈,18
鬩,18
鬵,18
魊,18
魋,18
魌,18
魍,18
魎,18
魏,18
鮵,18
鮶,18
鮸,18
鮹,18
鮽,18
鮿,18
鯀,18
鯁,18
鯃,18
鯄,18
鯆,18
鯇,18
鯈,18
鯉,18
鯊,18
鯓,18
鳌,18
鳍,18
鳎,18
鳏,18
鳐,18
鳒,18
鵊,18
鵋,18
鵌,18
鵏,18
鵑,18
鵒,18
鵓,18
鵔,18
鵖,18
鵗,18
鵘,18
鵙,18
鵚,18
鵛,18
鵜,18
鵝,18
鵟,18
鵠,18
鹭,18
鹯,18
鹰,18
麌,18
麎,18
麐,18
黟,18
黠,18
黡,18
鼀,18
鼁,18
鼂,18
鼕,18
鼖,18
鼥,18
鼨,18
鼩,18
鼪,18
鼫,18
鼬,18
齌,18
齕,18
嬽,18
爂,18
璷,18
簬,18
鎥,18
鵡,18
薌,19
櫛,19
蕶,19
蕷,19
蕸,19
蕹,19
蕺,19
蕻,19
蕼,19
蕾,19
薁,19
薂,19
薃,19
薅,19
薆,19
薇,19
薈,19
薉,19
薊,19
薋,19
薍,19
薎,19
薏,19
薐,19
薑,19
薔,19
薕,19
薖,19
薘,19
薙,19
薚,19
薛,19
薜,19
薝,19
薞,19
薟,19
薠,19
薡,19
薢,19
薣,19
薤,19
薦,19
薧,19
薨,19
薪,19
蟒,19
鵧,19
嚮,19
斔,19
櫡,19
毉,19
瀦,19
蠁,19
譇,19
蹩,19
轍,19
鄨,19
醯,19
離,19
餺,19
餼,19
餽,19
餾,19
餿,19
饁,19
㶉,19
䍁,19
䜌,19
䴖,19
儳,19
儴,19
儵,19
劖,19
勷,19
厴,19
嚥,19
嚦,19
嚧,19
嚨,19
嚪,19
嚫,19
嚬,19
嚭,19
壚,19
壛,19
壝,19
壞,19
壟,19
壢,19
夒,19
嬾,19
嬿,19
寵,19
巃,19
巅,19
幰,19
廬,19
徿,19
懲,19
懵,19
懶,19
懷,19
攀,19
攇,19
攉,19
攌,19
攍,19
攎,19
攏,19
攐,19
攒,19
斄,19
旝,19
旞,19
曝,19
曞,19
曠,19
櫋,19
櫌,19
櫍,19
櫏,19
櫐,19
櫑,19
櫓,19
櫙,19
櫚,19
櫜,19
櫝,19
櫞,19
櫟,19
櫠,19
櫥,19
櫫,19
歠,19
殰,19
氌,19
瀕,19
瀖,19
瀗,19
瀘,19
瀙,19
瀚,19
瀛,19
瀜,19
瀝,19
瀞,19
瀟,19
瀠,19
瀡,19
瀢,19
瀣,19
瀤,19
瀧,19
瀨,19
瀩,19
瀫,19
爅,19
爆,19
爇,19
爊,19
爌,19
爍,19
牘,19
犡,19
犢,19
犣,19
犤,19
犥,19
犦,19
獸,19
獹,19
獺,19
璽,19
瓃,19
瓅,19
瓊,19
瓋,19
瓣,19
甖,19
疆,19
疇,19
癟,19
癠,19
癡,19
癣,19
矄,19
矇,19
矉,19
矊,19
矱,19
礗,19
礙,19
礛,19
礜,19
礝,19
礞,19
礡,19
禰,19
禱,19
穧,19
穨,19
穩,19
穫,19
簳,19
簷,19
簸,19
簹,19
簻,19
簼,19
簽,19
簾,19
簿,19
籀,19
籁,19
糪,19
糬,19
糭,19
繨,19
繩,19
繪,19
繫,19
繭,19
繯,19
繰,19
繲,19
繳,19
繴,19
繵,19
繶,19
繷,19
繸,19
繹,19
繺,19
缵,19
罊,19
罋,19
羃,19
羅,19
羆,19
羶,19
羷,19
羸,19
羹,19
翽,19
翾,19
聸,19
臕,19
臗,19
臘,19
舋,19
艡,19
艣,19
艤,19
薮,19
藩,19
蟶,19
蟷,19
蟹,19
蟺,19
蟻,19
蟼,19
蟾,19
蟿,19
蠀,19
蠂,19
蠃,19
蠅,19
蠆,19
蠈,19
蠉,19
蠊,19
蠋,19
蠌,19
蠍,19
襖,19
襗,19
襘,19
襙,19
襚,19
襛,19
襜,19
襝,19
襞,19
襟,19
襠,19
襡,19
襢,19
覈,19
覶,19
覷,19
觶,19
譀,19
譁,19
譂,19
譆,19
譈,19
證,19
譊,19
譋,19
譎,19
譏,19
譐,19
譑,19
譒,19
譓,19
譔,19
譕,19
譖,19
譗,19
識,19
譙,19
譚,19
譜,19
谶,19
豃,19
豷,19
貚,19
贆,19
贇,19
贈,19
贉,19
贊,19
赝,19
趪,19
趫,19
趬,19
趭,19
蹪,19
蹬,19
蹭,19
蹯,19
蹲,19
蹳,19
蹴,19
蹶,19
蹸,19
蹺,19
蹻,19
蹼,19
蹿,19
軂,19
轎,19
轏,19
轐,19
轑,19
轒,19
轓,19
轔,19
辭,19
辴,19
邊,19
邋,19
鄿,19
酀,19
酂,19
醭,19
醮,19
醰,19
醱,19
鎩,19
鏀,19
鏂,19
鏃,19
鏄,19
鏇,19
鏈,19
鏊,19
鏌,19
鏍,19
鏎,19
鏏,19
鏐,19
鏑,19
鏒,19
鏔,19
鏕,19
鏖,19
鏗,19
鏘,19
鏙,19
鏚,19
鏜,19
鏝,19
鏞,19
鏟,19
鏡,19
鏢,19
鏣,19
鏤,19
鏦,19
鏧,19
鏨,19
鏬,19
鏮,19
鏹,19
闚,19
闛,19
關,19
隴,19
雡,19
難,19
霦,19
霧,19
霨,19
霩,19
霪,19
霫,19
霬,19
霭,19
靡,19
鞳,19
鞶,19
鞷,19
韜,19
韝,19
韞,19
韟,19
韻,19
顗,19
願,19
顙,19
顛,19
顜,19
顝,19
類,19
颤,19
颻,19
颼,19
颽,19
颾,19
颿,19
饃,19
馦,19
馧,19
騔,19
騕,19
騖,19
騙,19
騚,19
騛,19
騜,19
騝,19
騞,19
騠,19
騢,19
騣,19
騤,19
騥,19
騧,19
骥,19
髂,19
髃,19
髅,19
鬊,19
鬋,19
鬌,19
鬍,19
鬎,19
鬷,19
鯔,19
鯕,19
鯖,19
鯗,19
鯙,19
鯚,19
鯛,19
鯜,19
鯞,19
鯠,19
鯡,19
鯢,19
鯤,19
鯥,19
鯦,19
鯧,19
鯨,19
鯪,19
鯫,19
鯬,19
鯰,19
鳓,19
鳔,19
鳕,19
鳖,19
鳗,19
鳛,19
鵨,19
鵩,19
鵪,19
鵫,19
鵬,19
鵯,19
鵰,19
鵱,19
鵲,19
鵳,19
鵴,19
鵵,19
鵷,19
鵸,19
鵹,19
鵻,19
鵽,19
鵿,19
鶀,19
鶁,19
鶂,19
鶄,19
鶅,19
鶆,19
鶇,19
鶈,19
鶉,19
鶊,19
鶋,19
鶌,19
鹲,19
麑,19
麒,19
麓,19
麔,19
麕,19
麗,19
麴,19
黀,19
黼,19
鼭,19
齀,19
齁,19
齍,19
齖,19
齗,19
齘,19
龏,19
龐,19
勸,19
獻,19
璺,19
譅,19
飀,19
薯,20
癤,20
薩,20
薰,20
薱,20
薳,20
薴,20
薵,20
薶,20
薷,20
薸,20
薹,20
薺,20
薽,20
薾,20
薿,20
藀,20
藂,20
藃,20
藄,20
藅,20
藆,20
藇,20
藈,20
藋,20
藎,20
藏,20
藐,20
藒,20
蘤,20
鯽,20
懻,20
櫧,20
藑,20
豶,20
躇,20
镽,20
饅,20
饇,20
饈,20
饉,20
䴗,20
匷,20
嚲,20
嚳,20
嚴,20
嚵,20
嚶,20
嚷,20
壣,20
壤,20
孀,20
孃,20
孅,20
孽,20
寶,20
巆,20
巇,20
巉,20
廮,20
廯,20
忀,20
忁,20
懸,20
懹,20
懺,20
攓,20
攔,20
攕,20
攖,20
攗,20
攘,20
攙,20
旟,20
曣,20
曤,20
曦,20
曨,20
朧,20
櫨,20
櫪,20
櫬,20
櫮,20
櫯,20
櫰,20
櫱,20
櫳,20
瀪,20
瀯,20
瀰,20
瀱,20
瀲,20
瀳,20
瀴,20
瀵,20
瀷,20
瀸,20
瀹,20
瀺,20
瀻,20
瀼,20
瀾,20
瀿,20
灀,20
灁,20
爐,20
爓,20
爔,20
犨,20
獼,20
獽,20
瓏,20
瓒,20
癢,20
癥,20
皪,20
皫,20
皾,20
盭,20
矌,20
矍,20
矎,20
矏,20
矲,20
礣,20
礤,20
礥,20
礦,20
礧,20
礨,20
礩,20
礪,20
礫,20
礬,20
禲,20
穬,20
穭,20
穮,20
竇,20
競,20
竷,20
籃,20
籅,20
籇,20
籈,20
籉,20
籊,20
籌,20
籍,20
糮,20
糯,20
糰,20
繻,20
繼,20
繽,20
繾,20
纀,20
纁,20
纂,20
罌,20
羺,20
翿,20
耀,20
聹,20
臙,20
臚,20
臛,20
臜,20
艦,20
艨,20
艩,20
藓,20
藻,20
蘊,20
蘋,20
蠐,20
蠑,20
蠓,20
蠔,20
蠕,20
蠖,20
蠗,20
蠙,20
襣,20
襤,20
襦,20
覹,20
覺,20
觷,20
觸,20
譝,20
譟,20
譠,20
譣,20
譥,20
警,20
譧,20
譨,20
譪,20
譫,20
譬,20
譭,20
譯,20
議,20
贍,20
贏,20
趮,20
躁,20
躂,20
躄,20
躅,20
躆,20
躈,20
躉,20
轕,20
轖,20
轗,20
轘,20
轙,20
轚,20
辮,20
邍,20
酁,20
酃,20
醲,20
醳,20
醴,20
醵,20
醷,20
釋,20
鏵,20
鏶,20
鏷,20
鏸,20
鏺,20
鏻,20
鏼,20
鏽,20
鏾,20
鏿,20
鐀,20
鐃,20
鐆,20
鐇,20
鐉,20
鐊,20
鐋,20
鐌,20
鐍,20
鐎,20
鐏,20
鐐,20
鐑,20
鐒,20
鐓,20
鐔,20
鐕,20
鐖,20
鐘,20
鐙,20
鐠,20
鐨,20
镳,20
镴,20
闞,20
闟,20
闠,20
闡,20
霮,20
霯,20
霰,20
鞹,20
鞻,20
韽,20
韾,20
顟,20
顠,20
顢,20
顣,20
飁,20
飂,20
飄,20
馨,20
騩,20
騪,20
騫,20
騬,20
騭,20
騮,20
騰,20
騱,20
騲,20
騴,20
騵,20
騶,20
騷,20
騸,20
骦,20
骧,20
髆,20
髇,20
髊,20
髋,20
髌,20
鬐,20
鬑,20
鬒,20
鬓,20
鯷,20
鯸,20
鰂,20
鰅,20
鰆,20
鰇,20
鰈,20
鰉,20
鰋,20
鰍,20
鰎,20
鰒,20
鰓,20
鰔,20
鰗,20
鳜,20
鳝,20
鳞,20
鳟,20
鶐,20
鶒,20
鶔,20
鶖,20
鶗,20
鶘,20
鶙,20
鶚,20
鶛,20
鶜,20
鶝,20
鶞,20
鶟,20
鶠,20
鶡,20
鶢,20
鶣,20
鶤,20
鶦,20
鶧,20
鶨,20
鶩,20
鶪,20
鹹,20
麙,20
麚,20
麛,20
麵,20
黤,20
黥,20
黦,20
黧,20
黨,20
黩,20
黪,20
鼍,20
鼮,20
鼯,20
鼰,20
齙,20
齛,20
齝,20
齞,20
齟,20
齠,20
齡,20
齣,20
龑,20
巋,20
犧,20
露,20
響,20
齜,20
儷,21
儸,21
儺,21
儹,21
劘,21
劗,21
嚾,21
囂,21
囁,21
囀,21
嚽,21
囃,21
夔,21
孈,21
孇,21
屬,21
巋,21
巏,21
巍,21
廱,21
懽,21
懼,21
懾,21
攛,21
攜,21
攝,21
斕,21
曩,21
欂,21
欃,21
櫼,21
櫸,21
櫻,21
欄,21
櫺,21
欀,21
殲,21
灊,21
灃,21
灌,21
灉,21
灈,21
灅,21
灄,21
灆,21
瀳,21
爚,21
爛,21
爝,21
爙,21
犧,21
獾,21
瓔,21
瓖,21
瓕,21
甗,21
癩,21
癪,21
矐,21
矓,21
礱,21
礭,21
礯,21
禴,21
禳,21
籓,21
籔,21
籐,21
糲,21
纏,21
纋,21
纈,21
纊,21
纍,21
纇,21
纆,21
續,21
罍,21
羼,21
羻,21
耰,21
臝,21
蘠,21
蘩,21
蘮,21
蘜,21
蘡,21
蘥,21
蘘,21
蘧,21
蘭,21
蘞,21
蘦,21
蘗,21
蘚,21
蘣,21
蘟,21
蘛,21
蘙,21
蘪,21
蘬,21
藲,21
藞,21
蠢,21
蠜,21
蠟,21
蠡,21
蠣,21
蠝,21
蠛,21
蠠,21
蠤,21
衊,21
襯,21
襱,21
襩,21
覽,21
觺,21
譴,21
譺,21
譽,21
譅,21
護,21
譸,21
譻,21
譹,21
贔,21
贐,21
贓,21
趯,21
躊,21
躍,21
躋,21
躎,21
躌,21
轛,21
轟,21
轝,21
轞,21
辯,21
酈,21
酇,21
酄,21
醺,21
醹,21
鐽,21
鐸,21
鐺,21
鐻,21
鐿,21
鐳,21
鐮,21
鑀,21
鐫,21
鐵,21
鐶,21
鐲,21
鐱,21
鐰,21
鐹,21
鐪,21
鐬,21
鐷,21
鐼,21
鐩,21
闢,21
闥,21
闤,21
闟,21
闣,21
霸,21
露,21
霹,21
霵,21
霺,21
鞿,21
韡,21
響,21
顧,21
顥,21
顤,21
飆,21
飀,21
飉,21
饗,21
饘,21
饓,21
驂,21
驄,21
騹,21
驅,21
騾,21
驀,21
驁,21
驃,21
騺,21
驆,21
騿,21
髏,21
髍,21
鬘,21
鬖,21
鬕,21
鬺,21
魑,21
魔,21
魒,21
鰜,21
鰥,21
鰝,21
鰩,21
鰫,21
鰭,21
鰬,21
鰡,21
鰤,21
鰣,21
鰨,21
鷃,21
鶯,21
鶵,21
鶬,21
鶼,21
鶻,21
鶴,21
鶾,21
鷁,21
鷊,21
鷂,21
鶲,21
鷇,21
鶹,21
鷅,21
鷈,21
鶺,21
鶱,21
鷎,21
鶭,21
鶸,21
鶷,21
鶶,21
鶳,21
鷍,21
鷏,21
鷌,21
鹺,21
麜,21
麝,21
黯,21
黫,21
黭,21
黮,21
鼚,21
鼛,21
鼘,21
鼙,21
鼱,21
齎,21
齦,21
齧,21
齤,21
齜,21
齥,21
龒,21
亹,22
儼,22
儻,22
囆,22
囅,22
囉,22
囈,22
囊,22
囋,22
奱,22
孋,22
孌,22
孿,22
巑,22
巔,22
巒,22
巕,22
廲,22
彎,22
懿,22
攡,22
攢,22
攦,22
攠,22
攤,22
權,22
欋,22
欈,22
欉,22
歡,22
氍,22
灕,22
灑,22
灘,22
灒,22
灖,22
灗,22
瀤,22
爞,22
爟,22
犩,22
玀,22
獿,22
瓘,22
瓙,22
瓗,22
瓤,22
疊,22
癮,22
癭,22
癬,22
皭,22
礵,22
穰,22
籟,22
籚,22
籙,22
籠,22
籜,22
籛,22
籗,22
糴,22
糱,22
纑,22
罏,22
羇,22
聾,22
聽,22
臞,22
臟,22
艫,22
蘴,22
蘲,22
蘵,22
蘳,22
蘶,22
蠥,22
蠦,22
蠪,22
蠨,22
蠩,22
蠫,22
蠬,22
襶,22
襴,22
襳,22
襲,22
覿,22
覾,22
觼,22
觻,22
讀,22
讅,22
讆,22
譾,22
譿,22
讄,22
讂,22
贕,22
贗,22
贖,22
躔,22
躕,22
躒,22
躐,22
躚,22
躑,22
躓,22
躖,22
轡,22
轠,22
轢,22
邐,22
邏,22
鑌,22
鑒,22
鑑,22
鑋,22
鑐,22
鑊,22
鑄,22
鑏,22
鑅,22
鑇,22
鑆,22
鑈,22
鑉,22
霾,22
霿,22
霽,22
韁,22
韃,22
韣,22
顪,22
顩,22
顫,22
飋,22
饔,22
饛,22
饕,22
饖,22
驕,22
驉,22
驍,22
驎,22
驌,22
驔,22
驒,22
驊,22
驈,22
驏,22
驐,22
驓,22
騽,22
髐,22
髒,22
鬚,22
鬙,22
鬫,22
鬻,22
魖,22
魕,22
鱉,22
鰴,22
鰹,22
鰳,22
鰱,22
鰻,22
鰶,22
鰲,22
鰾,22
鱈,22
鰷,22
鰼,22
鰿,22
鱁,22
鱄,22
鱆,22
鰽,22
鷗,22
鷩,22
鷘,22
鷖,22
鷕,22
鷛,22
鷚,22
鷐,22
鷞,22
鷋,22
鷒,22
鷓,22
鷙,22
鷟,22
鷝,22
鷜,22
麶,22
黰,22
鼵,22
鼴,22
鼲,22
鼳,22
齂,22
齪,22
齬,22
齫,22
龔,22
龕,22
龢,22
儽,23
劙,23
囌,23
壨,23
壧,23
奲,23
孍,23
巘,23
巖,23
彏,23
戃,23
戄,23
戀,23
戁,23
攩,23
攫,23
攪,23
攣,23
攥,23
斖,23
曬,23
曫,23
欑,23
欐,23
欏,23
欒,23
毊,23
灛,23
灚,23
爢,23
玃,23
玁,23
玂,23
瓚,23
癰,23
矔,23
禷,23
穱,23
竊,23
籤,23
籥,23
籧,23
籣,23
籦,23
纖,23
纔,23
纓,23
纕,23
臢,23
艬,23
蘺,23
蘱,23
蘿,23
蘼,23
蘹,23
蘾,23
蘸,23
虀,23
蘻,23
蠱,23
蠲,23
蠮,23
蠰,23
蠳,23
蠯,23
觾,23
變,23
讎,23
讌,23
讋,23
讈,23
豅,23
贙,23
躘,23
躗,23
轣,23
轤,23
醼,23
鑣,23
鑞,23
鑢,23
鑤,23
鑠,23
鑕,23
鑗,23
鑝,23
靨,23
韅,23
韄,23
頀,23
顯,23
饜,23
驚,23
驛,23
驗,23
驖,23
驙,23
髑,23
髓,23
體,23
鬠,23
鬟,23
鬞,23
鱍,23
鱘,23
鱎,23
鱖,23
鱗,23
鱔,23
鱐,23
鱊,23
鱒,23
鱌,23
鱕,23
鱋,23
鱙,23
鷭,23
鷴,23
鷳,23
鷰,23
鷮,23
鷯,23
鷸,23
鷥,23
鷫,23
鷤,23
鷻,23
鷲,23
鷦,23
鷵,23
鷷,23
鷡,23
鷶,23
鷢,23
鷣,23
鷬,23
鷨,23
鷑,23
麟,23
黂,23
黐,23
黲,23
黳,23
黴,23
鼆,23
鼜,23
鼷,23
鼶,23
鼸,23
齃,23
齏,23
齱,23
齮,23
齯,23
齰,23
囓,24
囑,24
壩,24
囍,24
孎,24
屭,24
攬,24
攭,24
曭,24
曮,24
灞,24
灝,24
灠,24
灡,24
灟,24
爣,24
瓛,24
瓥,24
癲,24
癱,24
矗,24
矕,24
礸,24
禶,24
籪,24
纗,24
罐,24
羈,24
羉,24
艭,24
艷,24
虃,24
虪,24
蠶,24
蠹,24
蠷,24
蠵,24
蠸,24
衋,24
衢,24
襺,24
襼,24
襻,24
襹,24
讖,24
讒,24
讔,24
讓,24
讕,24
贛,24
躝,24
躟,24
躞,24
躠,24
釀,24
醽,24
醾,24
釂,24
鑫,24
鑪,24
鑨,24
鑩,24
雥,24
靆,24
靈,24
靂,24
靄,24
靃,24
靇,24
韆,24
韇,24
韥,24
顰,24
驟,24
驞,24
髕,24
鬢,24
魘,24
鱟,24
鱠,24
鱧,24
鱣,24
鱢,24
鱦,24
鱞,24
鷽,24
鷾,24
鸃,24
鷹,24
鸉,24
鸆,24
鸂,24
鸁,24
鷺,24
鷿,24
鸀,24
鸇,24
鸄,24
鸅,24
鹼,24
鹽,24
麠,24
鼇,24
鼞,24
齆,24
齷,24
齲,24
齴,24
齵,24
齶,24
囔,25
廳,25
攮,25
斸,25
欙,25
欖,25
欘,25
欓,25
欗,25
欚,25
灢,25
灣,25
爦,25
犪,25
矙,25
矘,25
礹,25
籮,25
籩,25
籬,25
籫,25
糶,25
纙,25
纘,25
纛,25
纚,25
臠,25
臡,25
虇,25
虈,25
虆,25
蠻,25
觀,25
觿,25
讘,25
讙,25
躤,25
躡,25
躥,25
躣,25
釁,25
鑭,25
鑰,25
鑱,25
鑳,25
鑯,25
鑲,25
鑮,25
靉,25
顱,25
顲,25
饟,25
饞,25
髖,25
鬣,25
魙,25
鱮,25
鱨,25
鱭,25
鸑,25
鸋,25
鸏,25
鸐,25
鸒,25
鸍,25
麡,25
黌,25
黵,25
鼉,25
齇,25
齹,25
齸,25
齻,25
齺,25
圞,26
灦,26
灨,26
灤,26
矚,26
籯,26
糷,26
蠼,26
讚,26
讞,26
貜,26
趲,26
躩,26
躦,26
釃,26
鑶,26
鑴,26
钁,26
钂,26
鑵,26
鑷,26
韉,26
顴,26
顳,26
飌,26
驤,26
驠,26
驢,26
驨,26
驥,26
鬤,26
鬮,26
鱵,26
鱹,26
鱳,26
鱱,26
鱴,26
鸓,26
鸔,26
黶,26
鼊,26
龤,26
灥,27
纜,27
蠾,27
蠽,27
讜,27
躪,27
軉,27
釅,27
鑼,27
鑸,27
鑾,27
鑽,27
靋,27
饡,27
馫,27
驧,27
驦,27
鱷,27
鱸,27
鸗,27
鸕,27
黷,27
齈,27
戇,28
欞,28
爩,28
爧,28
癵,28
蠿,28
豔,28
躨,28
钃,28
鑿,28
钀,28
驩,28
鸚,28
鸙,28
麷,28
爨,29
虌,29
虋,29
讟,29
驪,29
鬱,29
鸛,29
驫,30
鱺,30
鸝,30
鸞,30
灩,31
灪,32
籲,32
麤,33
齾,35
齉,36
龘,48
滙,13
邨,6
衞,16
